,pdb_id,nuc_index,base_A,base_U,base_C,base_G,paired,paired_to,LW_cis,LW_trans,LW_edge_WW,LW_edge_WH,LW_edge_WS,LW_edge_HW,LW_edge_HH,LW_edge_HS,LW_edge_SW,LW_edge_SH,LW_edge_SS,LW_edge_other,is_in_multiplet,multiplet_ids,multiplet_size,is_in_helix,helix_id,helix_size,is_in_stem,stem_id,stem_size,is_in_stack,stack_id,stack_size,is_in_hairpin,hairpin_id,hairpin_size,hairpin_bridging_nt,hairpin_bridging_id,is_in_bulge,bulge_id,bulge_size,bulge_bridging_nt,bulge_bridging_id,is_in_junction,junction_id,junction_size,junction_bridging_nt,junction_bridging_id,is_in_ssSegment,ssSegment_id,ssSegment_size,alpha,beta,gamma,delta,epsilon,zeta,epsilon_zeta,chi,v0,v1,v2,v3,v4,amplitude,phase_angle,eta,theta,eta_prime,theta_prime,eta_base,theta_base,ssZp,Dp,splay_angle,splay_distance,splay_ratio,bb_BI,bb_BII,bb_unknown,glyco_--,glyco_anti,glyco_syn,puckering_c3-endo,puckering_c2-endo,puckering_others,num_standard_hbonds,num_acceptable_hbonds,num_questionable_hbonds,RiboseCentroid_RiboseCentroid(+1),baseCentroid_baseCentroid(+1),baseCentroid_P(+1),O2'_P(+1),RiboseCentroid_RiboseCentroid(+2),baseCentroid_baseCentroid(+2),baseCentroid_P(+2),O2'_P(+2),RiboseCentroid_RiboseCentroid(+3),baseCentroid_baseCentroid(+3),baseCentroid_P(+3),O2'_P(+3),count_within_4A,count_within_6A,count_within_8A,S-B-P,O2'-P-P(+1),O2'-P-S,O2'-S-B,B-P-B+1,B-P-B+2,S-P-S+1,S-P-S+2
0,1C2X,1,0,1,0,0,1,119,1,0,1,0,0,0,0,0,0,0,0,0,0,0,0,1,1,10,1,1,10,0,0,0,0,0,0,0,0,0,0,0,0,0,0,0,0,0,0,0,0,0,,,68.544,84.943,-142.541,-77.03,-65.511,175.117,3.213,-23.828,33.608,-30.5,17.997,34.323,11.719,,,,,,,4.699,4.738,20.721,3.39,0.194,1,0,0,0,1,0,1,0,0,2,0,0,5.911293983459473,5.027925491333008,6.373358249664307,3.869670867919922,11.0742826461792,8.092940330505371,9.49050235748291,7.80558967590332,15.316566467285156,11.604032516479492,13.74005126953125,13.519880294799805,1.0,11.0,20.0,,,,113.19282,,,,
1,1C2X,2,0,0,0,1,1,118,1,0,1,0,0,0,0,0,0,0,0,0,0,0,0,1,1,10,1,1,10,0,0,0,0,0,0,0,0,0,0,0,0,0,0,0,0,0,0,0,0,0,-65.551,174.813,50.239,76.958,-146.737,-77.669,-69.068,-161.89,1.08,-27.887,40.024,-42.2,25.257,41.932,17.352,165.159,-146.679,-179.288,-141.959,-126.642,-114.997,4.081,4.753,21.247,3.444,0.188,1,0,0,0,1,0,1,0,0,3,0,0,5.680602073669434,3.465165853500366,6.472167015075684,3.9612350463867188,10.898240089416504,7.492284297943115,9.140905380249023,7.715636253356934,16.51446533203125,11.89801025390625,12.854597091674805,13.24223804473877,1.0,20.0,40.0,41.128155,36.46721649169922,8.81345,95.17728,25.370071411132812,39.176029205322266,32.4478759765625,49.976131439208984
2,1C2X,3,0,0,1,0,1,117,1,0,1,0,0,0,0,0,0,0,0,0,0,0,0,1,1,10,1,1,10,0,0,0,0,0,0,0,0,0,0,0,0,0,0,0,0,0,0,0,0,0,-71.164,158.809,65.04,79.11,-160.566,-51.511,-109.055,-162.959,-3.256,-21.522,36.103,-38.906,26.992,39.28,23.204,167.238,-133.667,-174.597,-141.373,-133.67,-120.718,4.478,4.485,22.487,3.985,0.207,1,0,0,0,1,0,1,0,0,3,0,0,5.699654579162598,4.297544956207275,6.329054355621338,3.7963144779205322,11.932814598083496,8.853287696838379,9.439336776733398,7.584284782409668,16.51814079284668,12.650151252746582,13.5971097946167,12.947654724121094,1.0,21.0,45.0,51.872555,33.386573791503906,4.929547,102.08806,23.656417846679688,36.801998138427734,27.080577850341797,44.10070037841797
3,1C2X,4,0,0,1,0,1,116,1,0,1,0,0,0,0,0,0,0,0,0,0,0,0,1,1,10,1,1,10,0,0,0,0,0,0,0,0,0,0,0,0,0,0,0,0,0,0,0,0,0,-70.505,170.32,56.028,77.769,-177.047,-56.309,-120.739,-157.595,-13.896,-11.104,30.293,-40.42,36.261,39.805,40.445,168.362,-150.74,-178.209,-151.361,-138.672,-124.901,4.242,4.523,27.381,4.56,0.241,1,0,0,0,1,0,0,0,1,3,0,0,6.471255302429199,4.667957305908203,6.37052059173584,3.617053985595703,11.636383056640625,8.906693458557129,9.652364730834961,8.012763977050781,15.802424430847168,11.670390129089355,13.792306900024414,13.416197776794434,2.0,19.0,47.0,44.034336,32.475257873535156,8.454078,103.57101,25.234329223632812,37.05904769897461,27.61870765686035,43.131431579589844
4,1C2X,5,0,1,0,0,1,115,1,0,1,0,0,0,0,0,0,0,0,0,0,0,0,1,1,10,1,1,10,0,0,0,0,0,0,0,0,0,0,0,0,0,0,0,0,0,0,0,0,0,-109.402,-150.264,52.275,80.158,-154.228,-70.756,-83.473,-163.642,1.575,-26.482,39.114,-38.826,24.343,40.743,16.261,156.945,-157.322,166.33,-154.637,-156.65,-124.662,4.625,4.647,20.227,3.264,0.177,1,0,0,0,1,0,1,0,0,2,1,0,5.669763565063477,4.675410270690918,6.328866004943848,3.9126029014587402,10.810842514038086,8.116612434387207,9.533699035644531,7.436938762664795,15.477279663085938,11.456296920776367,13.11198902130127,12.627518653869629,1.0,16.0,42.0,49.647335,35.346839904785156,9.679832,111.76758,23.905208587646484,34.17943572998047,26.915964126586914,41.62493133544922
5,1C2X,6,0,0,0,1,1,114,1,0,1,0,0,0,0,0,0,0,0,0,0,0,0,1,1,10,1,1,10,0,0,0,0,0,0,0,0,0,0,0,0,0,0,0,0,0,0,0,0,0,-74.43,170.898,65.823,68.971,-150.904,-60.005,-90.899,-158.571,7.879,-32.139,42.817,-38.827,20.422,43.271,8.303,168.095,-144.536,179.324,-144.356,-140.018,-126.336,4.32,4.783,19.466,3.291,0.175,1,0,0,0,1,0,1,0,0,3,1,0,5.604945659637451,3.8246216773986816,6.609198093414307,4.065972328186035,10.941826820373535,7.547449588775635,8.86042594909668,7.93130350112915,16.68648338317871,12.889520645141602,13.26028060913086,13.854541778564453,1.0,19.0,37.0,43.075825,36.82794189453125,8.449128,106.61152,20.056068420410156,35.99822998046875,27.634069442749023,42.687740325927734
6,1C2X,7,0,0,0,1,1,113,1,0,1,0,0,0,0,0,0,0,0,0,0,0,0,1,1,10,1,1,10,0,0,0,0,0,0,0,0,0,0,0,0,0,0,0,0,0,0,0,0,0,-60.612,166.057,47.584,74.02,-163.378,-67.092,-96.286,-156.233,4.123,-33.921,47.955,-45.756,28.161,49.351,13.662,160.32,-158.779,176.298,-156.129,-148.315,-127.479,4.718,4.636,21.413,3.388,0.188,1,0,0,0,1,0,1,0,0,3,0,0,5.596362590789795,3.8804376125335693,6.494238376617432,4.002061367034912,11.647034645080566,9.308599472045898,9.628278732299805,7.8883185386657715,15.849495887756348,12.17153549194336,13.982829093933105,13.196685791015625,2.0,21.0,41.0,39.695053,35.97005844116211,8.423196,99.439766,25.279071807861328,33.44395065307617,25.154064178466797,33.183616638183594
7,1C2X,8,0,0,1,0,1,112,1,0,1,0,0,0,0,0,0,0,0,0,0,0,0,1,1,10,1,1,10,0,0,0,0,0,0,0,0,0,0,0,0,0,0,0,0,0,0,0,0,0,-76.631,177.992,74.252,79.988,-172.696,-68.661,-104.036,-156.319,3.21,-23.822,33.8,-32.734,19.006,34.74,13.362,176.07,-157.24,-169.778,-159.548,-130.813,-143.03,4.603,4.464,33.36,5.221,0.287,1,0,0,0,1,0,1,0,0,3,0,1,6.139028549194336,5.792108535766602,6.417463302612305,3.691997766494751,10.777412414550781,8.552374839782715,10.329331398010254,7.677548408508301,17.76696014404297,19.16970443725586,14.188787460327148,13.254694938659668,1.0,20.0,42.0,52.738956,32.608009338378906,5.457579,109.70044,26.841327667236328,40.130165100097656,20.74249267578125,40.2745361328125
8,1C2X,9,0,0,0,1,1,111,1,0,1,0,0,0,0,0,0,0,0,0,0,0,0,1,1,10,1,1,10,0,0,0,0,0,0,0,0,0,0,0,0,0,0,0,0,0,0,0,0,0,-82.422,-169.603,56.105,90.54,-159.923,-53.408,-106.515,-162.345,1.872,-29.668,42.281,-40.385,26.805,43.839,15.321,173.529,-122.929,179.107,-121.343,-155.525,-91.365,4.936,4.679,24.154,4.209,0.222,1,0,0,0,1,0,1,0,0,2,0,0,5.717678070068359,4.307523727416992,6.618913650512695,3.968209981918335,12.4247407913208,13.450916290283203,8.981928825378418,8.243053436279297,11.266006469726562,9.746753692626953,12.495128631591797,12.62796401977539,1.0,15.0,37.0,42.51673,37.4450798034668,8.0902195,99.844315,29.28288459777832,35.78416442871094,38.79368209838867,40.42546844482422
9,1C2X,10,0,0,0,1,1,110,1,0,1,0,0,0,0,0,0,0,0,0,0,0,0,1,1,10,1,1,10,1,9,3,0,0,0,0,0,0,0,0,0,0,1,1,15,0,0,0,0,0,-65.686,167.366,60.437,73.659,175.116,-91.907,-92.977,-158.865,-8.359,-15.74,31.247,-37.534,28.152,36.541,31.228,171.885,159.163,-161.681,140.91,-110.073,117.183,3.915,4.269,81.994,12.939,0.658,1,0,0,0,1,0,1,0,0,5,1,0,7.061377048492432,11.96917724609375,6.842109680175781,3.3595993518829346,6.0687642097473145,5.844386577606201,9.36081600189209,6.21143913269043,12.200922966003418,9.181710243225098,7.356537342071533,7.018735408782959,2.0,29.0,59.0,35.20659,29.08574104309082,7.9326863,90.17534,60.903839111328125,37.93649673461914,27.681442260742188,30.69518280029297
10,1C2X,11,0,0,1,0,0,-1,0,0,0,0,0,0,0,0,0,0,0,0,0,0,0,0,0,0,0,0,0,0,0,0,0,0,0,0,0,0,0,0,0,0,1,1,15,1,1,0,0,0,-74.993,-178.995,47.651,30.326,-163.929,79.764,116.307,59.747,-2.629,14.219,-18.897,19.205,-10.517,19.354,192.482,157.187,-60.364,121.489,-40.782,98.533,-45.061,-2.038,1.954,110.364,17.397,0.822,0,0,1,0,0,1,0,0,1,0,2,1,6.743879795074463,13.70462417602539,7.086436748504639,3.216125965118408,11.545498847961426,16.809001922607422,9.358367919921875,6.579248428344727,9.318082809448242,14.823802947998047,13.174111366271973,9.433309555053711,1.0,7.0,22.0,15.264486,25.53668785095215,18.646147,83.55507,122.87503051757812,105.67200469970703,85.61339569091797,77.87845611572266
11,1C2X,12,0,0,1,0,0,-1,0,0,0,0,0,0,0,0,0,0,0,0,0,0,0,0,0,0,0,0,0,1,9,3,0,0,0,0,0,0,0,0,0,0,1,1,15,1,1,0,0,0,-60.427,-154.67,175.569,-30.415,-81.989,-59.849,-22.14,-156.01,-1.848,-19.681,32.003,-34.754,23.452,34.587,22.289,-84.874,-135.07,-84.641,-137.495,-62.878,-149.186,3.223,4.639,40.142,6.859,0.343,0,0,1,0,1,0,1,0,0,1,1,1,6.655704021453857,6.002897262573242,6.577342510223389,4.059715747833252,6.293028354644775,11.188647270202637,8.685328483581543,8.827905654907227,5.75861930847168,5.859112739562988,5.940006256103516,7.357304096221924,2.0,39.0,86.0,22.419533,42.607627868652344,22.306067,111.71552,28.069385528564453,81.05724334716797,41.62745666503906,71.30704498291016
12,1C2X,13,0,0,0,1,1,69,1,0,0,0,0,0,0,0,1,0,0,0,1,1,3,0,0,0,0,0,0,1,17,4,0,0,0,0,0,0,0,0,0,0,1,1,15,1,1,0,0,0,-149.261,-147.743,47.353,76.505,-172.094,39.186,148.719,-111.652,-14.037,-12.586,31.657,-39.346,34.136,39.937,37.564,67.909,-26.828,109.357,-77.125,126.137,-127.249,1.636,4.192,129.731,17.123,0.906,0,0,1,0,1,0,0,0,1,2,1,0,6.772101879119873,11.219618797302246,7.394042015075684,3.4108409881591797,10.253692626953125,11.849527359008789,9.588202476501465,9.59523868560791,8.426474571228027,3.793621063232422,9.419638633728027,12.42367172241211,1.0,21.0,84.0,34.750885,31.043231964111328,13.527259,104.50208,82.35235595703125,85.88509368896484,74.73283386230469,89.65581512451172
13,1C2X,14,0,1,0,0,0,-1,0,0,0,0,0,0,0,0,0,0,0,0,0,0,0,0,0,0,0,0,0,0,0,0,0,0,0,0,0,0,0,0,0,0,1,1,15,1,1,0,0,0,60.275,128.88,67.703,139.242,-166.307,49.992,143.701,-129.412,-20.045,31.45,-30.344,19.588,0.089,32.076,161.088,-82.852,46.945,24.122,-17.466,59.609,130.072,1.383,2.016,147.752,16.966,0.961,0,0,1,0,1,0,0,1,0,0,2,0,7.608015537261963,13.528914451599121,6.960147380828857,3.32395601272583,7.169972896575928,9.606571197509766,12.086091995239258,8.056986808776855,8.716086387634277,10.648567199707031,9.780510902404785,7.111852645874023,2.0,15.0,51.0,53.267033,26.916643142700195,21.263172,76.85779,90.1431884765625,99.166259765625,39.57424545288086,57.22214126586914
14,1C2X,15,1,0,0,0,0,-1,0,0,0,0,0,0,0,0,0,0,0,0,0,0,0,0,0,0,0,0,0,1,9,3,0,0,0,0,0,0,0,0,0,0,1,1,15,1,1,0,0,0,-156.083,-73.824,174.491,40.656,-160.38,165.208,34.412,64.681,-14.09,36.792,-43.182,35.325,-14.754,43.182,179.654,-89.028,29.952,-80.797,48.664,139.223,44.841,-3.089,2.01,115.717,17.273,0.847,0,0,1,0,0,1,0,1,0,2,2,0,5.72130823135376,12.279223442077637,7.218070983886719,3.2164738178253174,11.245279312133789,15.281469345092773,12.604472160339355,9.25036907196045,17.750398635864258,21.619365692138672,18.36976432800293,15.543598175048828,1.0,20.0,46.0,39.816944,27.468505859375,9.115052,80.27899,105.31565856933594,115.46046447753906,63.02170181274414,96.92036437988281
15,1C2X,16,0,0,0,1,1,68,1,0,1,0,0,0,0,0,0,0,0,0,0,0,0,1,2,8,1,2,2,1,17,4,0,0,0,0,0,0,0,0,0,0,1,1,15,0,0,0,0,0,-92.988,68.834,-179.534,77.315,-146.015,-57.958,-88.057,-165.812,5.767,-26.65,34.497,-34.736,19.272,35.203,11.495,-125.564,165.741,-149.277,-175.81,-130.937,-125.086,4.505,4.643,25.974,4.173,0.229,1,0,0,0,1,0,1,0,0,3,1,0,5.8564300537109375,3.6000986099243164,6.460557460784912,4.061254978179932,12.299178123474121,9.67643928527832,8.880646705627441,8.363984107971191,17.090370178222656,12.788871765136719,13.740479469299316,14.059063911437988,1.0,24.0,57.0,21.557379,39.192386627197266,19.66272,96.213684,20.3107967376709,27.120380401611328,15.0379056930542,18.787151336669922
16,1C2X,17,0,0,1,0,1,67,1,0,1,0,0,0,0,0,0,0,0,0,0,0,0,1,2,8,1,2,2,0,0,0,0,0,0,0,0,1,1,5,0,0,0,0,0,0,0,0,0,0,-78.285,166.07,71.811,78.212,-172.496,-81.226,-91.27,-164.879,12.501,-31.596,36.247,-31.209,11.827,36.249,359.455,159.66,-169.357,-176.532,-164.717,-110.747,-151.598,4.688,4.495,36.247,5.456,0.312,1,0,0,0,1,0,0,0,1,2,0,1,6.519531726837158,6.4541120529174805,6.10471248626709,3.5015907287597656,11.74059009552002,9.297307968139648,10.510601043701172,7.88588285446167,15.840838432312012,12.437443733215332,14.420737266540527,13.064189910888672,1.0,21.0,50.0,53.435482,30.447660446166992,7.0059714,112.80498,28.879779815673828,41.042537689208984,23.34116554260254,38.31974792480469
17,1C2X,18,0,0,0,1,1,65,1,0,1,0,0,0,0,0,0,0,0,0,0,0,0,1,2,8,1,3,6,1,1,2,0,0,0,0,0,1,1,5,0,0,0,0,0,0,0,0,0,0,-93.118,-163.06,73.481,86.238,-151.036,-70.061,-80.975,-175.753,2.006,-28.143,42.673,-41.325,25.112,44.272,15.445,177.246,-135.27,178.506,-136.869,-166.169,-107.788,4.535,4.566,22.565,3.64,0.203,1,0,0,0,1,0,1,0,0,2,0,0,5.8865132331848145,3.74406361579895,6.312234878540039,3.9104974269866943,10.995847702026367,7.961701393127441,8.903714179992676,7.849737644195557,15.716379165649414,11.607449531555176,12.903837203979492,13.554919242858887,1.0,18.0,47.0,44.41783,35.7493896484375,6.1365747,98.58484,27.0731143951416,39.79640579223633,32.22027587890625,50.73854064941406
18,1C2X,19,0,0,1,0,1,64,1,0,1,0,0,0,0,0,0,0,0,0,0,0,0,1,2,8,1,3,6,0,0,0,0,0,0,0,0,0,0,0,0,0,0,0,0,0,0,0,0,0,-72.562,179.033,56.431,72.349,-156.391,-61.669,-94.722,-154.509,-6.298,-20.933,37.771,-44.353,31.101,42.628,27.617,165.871,-146.983,179.317,-148.798,-132.569,-124.057,4.424,4.748,21.314,3.488,0.19,1,0,0,0,1,0,1,0,0,3,0,0,5.511795997619629,4.565669536590576,5.964326858520508,3.84853196144104,11.037261962890625,8.469286918640137,9.198447227478027,7.34401798248291,15.221055030822754,10.95324420928955,12.661582946777344,12.19437313079834,1.0,22.0,43.0,52.964714,34.178680419921875,8.728389,107.850426,21.241653442382812,33.94143295288086,27.153406143188477,42.78106689453125
19,1C2X,20,0,0,0,1,1,63,1,0,1,0,0,0,0,0,0,0,0,0,0,0,0,1,2,8,1,3,6,0,0,0,0,0,0,0,0,0,0,0,0,0,0,0,0,0,0,0,0,0,-72.711,163.154,71.652,79.688,-154.644,-63.193,-91.451,179.846,-3.242,-22.419,35.148,-38.384,26.476,38.154,22.895,170.752,-140.834,-176.44,-141.484,-134.384,-115.402,4.349,4.648,24.216,4.072,0.22,1,0,0,0,1,0,1,0,0,3,0,0,5.901858329772949,4.317018985748291,6.396027088165283,3.58054518699646,10.829144477844238,7.39997673034668,8.617012023925781,7.433139324188232,15.965778350830078,11.649962425231934,12.84245491027832,13.39895248413086,1.0,20.0,40.0,40.59201,31.79893684387207,8.454774,100.02623,21.62349510192871,40.160186767578125,26.094444274902344,46.45851516723633
20,1C2X,21,0,0,0,1,1,62,1,0,1,0,0,0,0,0,0,0,0,0,0,0,0,1,2,8,1,3,6,0,0,0,0,0,0,0,0,0,0,0,0,0,0,0,0,0,0,0,0,0,-74.621,-175.396,50.07,66.378,-151.069,-59.91,-91.159,-166.445,-0.892,-23.342,37.791,-38.576,25.633,40.153,19.75,158.792,-147.945,174.683,-140.652,-140.907,-103.101,4.522,4.763,26.7,4.33,0.236,1,0,0,0,1,0,1,0,0,3,0,0,5.618856906890869,3.6850571632385254,6.428728103637695,3.8316922187805176,11.476258277893066,8.079476356506348,8.922122955322266,7.620259761810303,16.65530014038086,14.786462783813477,13.035673141479492,13.207551956176758,2.0,22.0,44.0,38.120945,35.172149658203125,11.534388,97.40366,26.16142463684082,34.93534851074219,32.48978042602539,46.70505142211914
21,1C2X,22,0,1,0,0,1,61,1,0,1,0,0,0,0,0,0,0,0,0,0,0,0,1,2,8,1,3,6,0,0,0,0,0,0,0,0,0,0,0,0,0,0,0,0,0,0,0,0,0,-71.975,172.957,76.0,85.465,-171.658,-72.102,-99.556,-158.309,-9.157,-12.075,26.93,-34.743,28.015,33.216,35.829,176.221,-147.715,-162.974,-149.919,-111.958,-152.368,4.452,4.375,14.229,2.585,0.138,1,0,0,0,1,0,1,0,0,2,1,0,6.010758876800537,4.857210159301758,6.383904457092285,3.7184650897979736,11.681000709533691,11.742301940917969,9.728242874145508,7.2476630210876465,11.548406600952148,11.966686248779297,12.282841682434082,11.57801628112793,1.0,23.0,48.0,51.567596,31.305896759033203,4.5827446,94.05337,19.08475685119629,27.295068740844727,23.428434371948242,40.99700164794922
22,1C2X,23,0,0,0,1,1,60,1,0,1,0,0,0,0,0,0,0,0,0,1,2,3,1,2,8,1,3,6,0,0,0,0,0,0,0,0,0,0,0,0,0,0,0,0,0,0,0,0,0,-79.86,176.363,61.705,81.465,-152.129,-59.007,-93.122,-133.281,-12.287,-9.28,26.999,-35.811,27.641,34.572,38.653,164.778,-130.01,177.827,-153.503,-171.932,171.619,3.398,4.227,42.726,7.854,0.374,1,0,0,0,1,0,0,0,1,4,3,0,6.225235462188721,6.9039692878723145,7.002449035644531,3.697603464126587,8.379843711853027,8.085651397705078,8.756827354431152,7.202616214752197,9.74877643585205,5.4576873779296875,6.597438335418701,8.769492149353027,1.0,17.0,52.0,38.267673,32.2299919128418,6.771641,86.917,26.39681625366211,34.31791305541992,29.39496421813965,56.48594665527344
23,1C2X,24,0,0,0,1,0,-1,0,0,0,0,0,0,0,0,0,0,0,0,0,0,0,0,0,0,0,0,0,1,2,2,0,0,0,0,0,0,0,0,0,0,0,0,0,0,0,0,0,0,-77.072,160.315,59.791,52.848,-145.521,-31.019,-114.502,-132.306,17.686,4.612,-22.88,35.425,-35.239,35.549,229.939,145.037,-98.803,133.715,-111.389,107.677,-158.526,2.183,2.81,52.404,8.356,0.449,1,0,0,0,1,0,0,0,1,3,0,1,5.429217338562012,5.554490089416504,7.508791923522949,3.500603437423706,9.21187686920166,5.835980415344238,9.966546058654785,7.531678199768066,13.135289192199707,11.96554946899414,12.876396179199219,12.07645320892334,2.0,22.0,60.0,23.121489,28.15921401977539,13.977479,79.27647,34.51167678833008,34.556392669677734,45.76274490356445,56.3218994140625
24,1C2X,25,0,1,0,0,1,27,1,0,0,0,0,0,0,0,0,1,0,0,0,0,0,0,0,0,0,0,0,1,10,3,0,0,0,0,0,0,0,0,0,0,0,0,0,0,0,0,0,0,164.711,-168.006,68.334,140.21,-161.84,-104.171,-57.669,-44.434,-29.671,40.87,-35.665,20.764,5.687,39.959,153.193,46.183,-131.776,115.985,-146.919,96.692,-113.92,0.849,2.044,37.105,6.423,0.318,1,0,0,1,0,0,0,1,0,1,2,0,5.654763698577881,4.374853134155273,6.934494495391846,3.2228119373321533,7.932077884674072,6.702760696411133,9.804695129394531,7.280882358551025,12.790031433105469,12.050139427185059,11.688318252563477,11.03349494934082,2.0,21.0,64.0,44.897987,27.67472267150879,22.884089,80.16422,26.996408462524414,47.39276885986328,15.478377342224121,13.535431861877441
25,1C2X,26,0,0,1,0,0,-1,0,0,0,0,0,0,0,0,0,0,0,0,0,0,0,0,0,0,0,0,0,1,10,3,0,0,0,0,0,0,0,0,0,0,0,0,0,0,0,0,0,0,-87.259,171.572,68.219,135.287,-91.861,60.936,207.202,-98.041,-32.529,38.832,-31.151,14.839,10.04,37.922,145.228,-168.352,91.091,-147.661,56.036,-122.803,45.518,1.615,1.033,71.055,12.208,0.583,0,0,1,0,1,0,0,1,0,3,4,0,5.75404167175293,8.140137672424316,7.2538933753967285,3.904169797897339,10.764753341674805,11.369976997375488,10.915705680847168,9.286707878112793,10.03980541229248,7.244333744049072,14.422880172729492,14.557987213134766,3.0,28.0,67.0,40.91702,35.009891510009766,18.428562,76.27358,80.9311294555664,56.8231201171875,58.383846282958984,51.69620895385742
26,1C2X,27,0,0,1,0,1,25,1,0,0,0,0,0,0,0,0,1,0,0,0,0,0,0,0,0,0,0,0,1,11,3,0,0,0,0,0,0,0,0,0,0,0,0,0,0,0,0,0,0,90.736,-177.526,166.125,79.393,-114.156,-66.656,-47.5,-151.821,-23.005,-8.065,32.635,-46.683,41.182,46.699,45.667,122.935,-132.772,117.556,-124.13,106.835,-101.326,3.454,4.407,104.492,15.149,0.791,0,0,1,0,1,0,0,0,1,1,0,0,7.049278736114502,9.604474067687988,6.803831100463867,4.157008647918701,7.015160083770752,4.031264305114746,8.156054496765137,7.227163314819336,10.981659889221191,7.861408233642578,8.77156925201416,10.616085052490234,1.0,18.0,47.0,37.846138,36.3502197265625,10.586134,98.37918,67.48439025878906,30.29541778564453,39.30816650390625,27.29559898376465
27,1C2X,28,0,0,1,0,0,-1,0,0,0,0,0,0,0,0,0,0,0,0,0,0,0,0,0,0,0,0,0,0,0,0,0,0,0,0,0,0,0,0,0,0,0,0,0,0,0,0,0,0,-110.185,-174.76,163.505,153.132,-72.312,102.329,185.359,-138.471,-5.272,25.654,-33.604,33.45,-18.386,34.284,191.43,-66.333,86.98,-59.304,75.145,-54.571,61.873,-0.396,0.472,52.507,8.888,0.443,0,0,1,0,1,0,0,0,1,0,0,0,5.663992404937744,6.55415678024292,7.298168182373047,4.3597259521484375,8.382746696472168,5.216452598571777,9.151717185974121,7.596729755401611,15.193641662597656,15.036407470703125,12.176810264587402,12.54971981048584,3.0,20.0,43.0,54.82489,37.15153121948242,14.730009,83.23381,66.03339385986328,38.87537384033203,47.014766693115234,43.25145721435547
28,1C2X,29,1,0,0,0,0,-1,0,0,0,0,0,0,0,0,0,0,0,0,0,0,0,0,0,0,0,0,0,1,11,3,0,0,0,0,0,0,0,0,0,0,0,0,0,0,0,0,0,0,172.33,-178.882,55.768,77.784,-143.379,-66.025,-77.354,172.028,-13.394,-13.303,31.976,-39.093,34.249,39.897,36.73,109.898,-136.169,98.469,-127.091,97.205,-85.91,3.874,4.465,24.1,4.068,0.215,1,0,0,0,1,0,0,0,1,1,0,0,5.577642440795898,3.8725380897521973,6.877087116241455,3.9696688652038574,11.718588829040527,12.597983360290527,9.09260368347168,7.3301873207092285,16.87348747253418,16.15325927734375,13.037973403930664,10.808253288269043,1.0,23.0,50.0,36.11794,36.322391510009766,8.564995,90.70942,29.330490112304688,43.19231414794922,35.66981887817383,28.949979782104492
29,1C2X,30,0,0,1,0,0,-1,0,0,0,0,0,0,0,0,0,0,0,0,0,0,0,0,0,0,0,0,0,1,11,3,0,0,0,0,0,0,0,0,0,0,0,0,0,0,0,0,0,0,-59.238,157.327,68.84,136.511,-99.95,160.939,99.111,-133.063,-38.768,42.357,-30.659,9.078,17.752,42.323,136.418,-164.766,159.628,-135.302,161.009,-88.902,-164.721,1.86,1.322,88.96,13.535,0.701,0,1,0,0,1,0,0,0,1,0,1,0,7.052098751068115,10.326397895812988,7.272371292114258,4.019896984100342,12.39042854309082,14.189864158630371,12.227126121520996,9.442082405090332,17.297698974609375,18.68486213684082,17.738840103149414,14.640546798706055,1.0,19.0,57.0,43.52588,36.33978271484375,21.412224,74.93852,58.02177810668945,73.30210876464844,24.943077087402344,38.556861877441406
30,1C2X,31,0,0,1,0,1,51,1,0,1,0,0,0,0,0,0,0,0,0,0,0,0,1,3,5,1,4,4,1,12,3,0,0,0,0,0,0,0,0,0,0,0,0,0,0,0,0,0,0,-61.133,171.962,60.479,68.495,-156.706,-61.275,-95.431,-158.892,5.713,-29.935,41.284,-36.757,20.557,41.88,9.677,-127.075,-147.114,-141.584,-140.942,-133.678,-118.223,4.309,4.718,28.797,4.595,0.249,1,0,0,0,1,0,1,0,0,3,2,1,5.7215657234191895,4.357588291168213,6.346844673156738,4.1095733642578125,11.403120994567871,9.102082252502441,9.63353157043457,7.9711713790893555,15.607514381408691,11.829556465148926,13.468802452087402,13.243852615356445,1.0,25.0,61.0,53.401405,38.32194519042969,8.238213,118.88568,31.58536148071289,45.615352630615234,31.313819885253906,51.99015426635742
31,1C2X,32,0,1,0,0,1,50,1,0,1,0,0,0,0,0,0,0,0,0,0,0,0,1,3,5,1,4,4,0,0,0,0,0,0,0,0,0,0,0,0,0,0,0,0,0,0,0,0,0,-81.485,-177.43,67.769,74.479,-151.243,-66.93,-84.313,-170.147,5.419,-27.94,40.566,-38.185,20.928,41.42,11.656,167.848,-138.813,-174.288,-142.853,-138.992,-117.528,3.629,4.708,24.758,4.016,0.22,1,0,0,0,1,0,1,0,0,2,0,0,6.160549163818359,5.100595951080322,6.123436450958252,3.954934597015381,11.295245170593262,8.332123756408691,9.25691032409668,8.078228950500488,16.46638298034668,12.63936710357666,13.35224723815918,13.623125076293945,2.0,21.0,62.0,52.88715,36.07648849487305,6.463353,108.832214,26.459260940551758,40.881168365478516,33.55184555053711,53.25209045410156
32,1C2X,33,0,0,0,1,1,49,1,0,1,0,0,0,0,0,0,0,0,0,0,0,0,1,3,5,1,4,4,0,0,0,0,0,0,0,0,0,0,0,0,0,0,0,0,0,0,0,0,0,-93.483,-156.815,55.782,74.011,-165.909,-56.938,-108.971,-166.013,7.65,-29.802,39.466,-37.804,19.3,39.979,9.19,157.32,-151.559,165.166,-147.054,-153.324,-116.101,4.773,4.778,21.101,3.365,0.188,1,0,0,0,1,0,1,0,0,4,0,0,5.7363176345825195,4.030305862426758,6.3572258949279785,3.784921407699585,11.614714622497559,8.68713092803955,8.986753463745117,7.4735822677612305,15.555466651916504,10.898388862609863,13.741636276245117,13.103662490844727,1.0,20.0,47.0,40.490242,33.94870376586914,10.762855,97.84872,22.521625518798828,31.927980422973633,28.4410343170166,42.66606521606445
33,1C2X,34,1,0,0,0,1,48,1,0,1,0,0,0,0,0,0,0,0,0,0,0,0,1,3,5,1,4,4,0,0,0,1,1,15,0,0,0,0,0,0,0,0,0,0,0,0,0,0,0,-73.207,170.381,58.85,80.344,-160.619,-76.309,-84.31,-153.429,13.092,-35.16,39.955,-34.048,12.715,39.958,359.306,168.758,-157.791,-174.047,-156.069,-129.077,-176.79,4.429,4.765,28.885,5.16,0.268,1,0,0,0,1,0,0,0,1,2,0,0,6.048647880554199,4.721770763397217,6.415828704833984,3.7956719398498535,10.594996452331543,7.189629077911377,10.165059089660645,7.451207160949707,12.88308334350586,10.891523361206055,14.15407657623291,12.886820793151855,1.0,20.0,44.0,43.90255,33.566410064697266,7.515044,100.44775,21.17388916015625,48.207313537597656,26.34136199951172,50.079620361328125
34,1C2X,35,0,0,1,0,1,46,0,1,0,1,0,0,0,0,0,0,0,0,0,0,0,1,3,5,0,0,0,1,13,3,1,1,15,1,1,0,0,0,0,0,0,0,0,0,0,0,0,0,-57.385,178.301,54.257,118.387,-120.631,-65.661,-54.969,-137.32,-31.777,29.742,-18.597,-0.091,19.806,32.336,125.106,-164.806,-91.333,-158.251,-92.982,-178.501,-37.617,2.991,2.419,40.875,6.737,0.355,0,0,1,0,1,0,0,0,1,3,1,0,5.601487636566162,4.903127670288086,7.300384521484375,3.7943766117095947,9.788139343261719,9.400359153747559,10.723780632019043,7.249783992767334,13.122150421142578,12.944741249084473,15.158613204956055,12.012262344360352,1.0,24.0,59.0,39.61006,34.24684524536133,15.929887,72.82596,45.20908737182617,97.49463653564453,45.75472640991211,83.46504974365234
35,1C2X,36,0,0,1,0,0,-1,0,0,0,0,0,0,0,0,0,0,0,0,0,0,0,0,0,0,0,0,0,1,13,3,1,1,15,1,1,0,0,0,0,0,0,0,0,0,0,0,0,0,-96.381,170.516,66.3,112.925,-119.429,-57.956,-61.472,-115.529,-19.024,6.038,7.646,-19.102,25.302,23.831,71.285,151.656,-83.979,-165.977,-90.045,-106.241,-56.586,1.137,3.413,41.062,7.127,0.355,0,0,1,0,1,0,0,0,1,2,2,0,5.833085060119629,5.026095390319824,7.180734634399414,3.7707319259643555,10.711527824401855,8.87459659576416,10.666681289672852,7.960236549377441,16.026142120361328,12.861495018005371,15.070036888122559,13.876910209655762,3.0,39.0,69.0,54.114407,33.52945327758789,9.913854,93.15122,55.29227066040039,81.4428482055664,48.592750549316406,76.52642822265625
36,1C2X,37,0,0,1,0,1,41,1,0,0,0,1,0,0,0,0,0,0,0,0,0,0,0,0,0,0,0,0,1,3,2,1,1,15,1,1,0,0,0,0,0,0,0,0,0,0,0,0,0,-79.964,168.296,51.801,87.027,-150.473,-80.74,-69.734,-123.566,1.016,-22.19,31.903,-31.793,20.904,33.311,16.718,140.7,-149.436,178.04,-148.711,-143.565,-99.56,2.384,4.361,46.232,7.347,0.421,1,0,0,0,1,0,1,0,0,5,1,0,5.40349006652832,3.9533379077911377,6.689476013183594,3.761064052581787,11.258893013000488,8.36192798614502,10.172830581665039,7.3617777824401855,12.30812931060791,8.736770629882812,14.526016235351562,12.596566200256348,2.0,25.0,70.0,51.426853,33.41710662841797,7.6994696,109.6451,24.603776931762695,28.77899742126465,24.06494903564453,29.73110580444336
37,1C2X,38,0,0,1,0,0,-1,0,0,0,0,0,0,0,0,0,0,0,0,0,0,0,0,0,0,0,0,0,1,3,2,1,1,15,1,1,0,0,0,0,0,0,0,0,0,0,0,0,0,-59.942,142.793,76.709,84.083,-174.702,-75.267,-99.436,72.804,-21.644,5.133,12.113,-25.797,30.402,29.557,65.806,170.343,-161.504,-167.091,-162.367,-103.083,140.427,-2.643,3.517,36.5,5.633,0.316,1,0,0,0,0,1,0,0,1,0,4,0,6.036282062530518,4.679074287414551,6.914532661437988,3.4675486087799072,7.952479362487793,6.051478862762451,10.922369956970215,7.045507431030273,5.136284828186035,6.679553031921387,10.331928253173828,6.228938102722168,2.0,28.0,75.0,47.75807,28.693004608154297,2.4886851,89.491005,20.830446243286133,27.309494018554688,14.873867988586426,8.736330032348633
38,1C2X,39,1,0,0,0,0,-1,0,0,0,0,0,0,0,0,0,0,0,0,0,0,0,0,0,0,0,0,0,1,18,5,1,1,15,1,1,0,0,0,0,0,0,0,0,0,0,0,0,0,-82.548,-178.346,73.651,138.646,-72.584,92.511,194.904,-118.39,-22.93,37.308,-35.156,23.238,0.113,37.167,161.068,-158.663,152.391,-144.519,98.63,166.104,129.255,0.583,0.738,30.225,5.244,0.263,0,0,1,0,1,0,0,1,0,0,2,1,4.450045108795166,4.227696418762207,7.752152442932129,4.002122402191162,6.944369792938232,7.358092308044434,9.19540023803711,8.084067344665527,11.55282974243164,10.775376319885254,10.970800399780273,12.284957885742188,5.0,26.0,44.0,40.241615,35.68817138671875,19.741198,80.458206,33.21429443359375,51.17380905151367,31.793777465820312,74.37245178222656
39,1C2X,40,0,1,0,0,0,-1,0,0,0,0,0,0,0,0,0,0,0,0,0,0,0,0,0,0,0,0,0,1,18,5,1,1,15,1,1,0,0,0,0,0,0,0,0,0,0,0,0,0,74.215,-138.443,-59.66,57.689,176.558,-83.645,-99.797,49.15,-13.937,43.751,-53.309,47.596,-21.506,53.438,183.98,-68.394,101.869,-134.13,147.564,-114.279,152.876,-0.827,2.192,26.139,4.384,0.226,1,0,0,0,0,1,0,0,1,0,2,1,5.542753219604492,3.8403313159942627,6.548669815063477,3.210055351257324,10.316319465637207,7.460236072540283,8.839048385620117,7.28764533996582,15.78986644744873,11.422330856323242,12.221393585205078,11.520174026489258,3.0,22.0,44.0,33.538338,27.166332244873047,12.240248,82.469154,16.414432525634766,22.97740936279297,34.85111999511719,32.326904296875
40,1C2X,41,0,0,0,1,1,37,1,0,0,0,1,0,0,0,0,0,0,0,0,0,0,0,0,0,0,0,0,1,18,5,1,1,15,1,1,0,0,0,0,0,0,0,0,0,0,0,0,0,-73.035,175.051,55.455,133.087,175.596,-84.923,-99.48,-85.098,-37.321,48.206,-38.592,17.505,11.996,46.533,146.032,159.69,-138.09,-157.551,-165.121,-158.531,-120.549,0.996,2.327,22.118,4.148,0.203,1,0,0,0,1,0,0,1,0,1,5,0,5.501271724700928,3.6462206840515137,6.891498565673828,3.070952892303467,11.261249542236328,7.633854389190674,8.873785018920898,6.607743740081787,13.668781280517578,9.837562561035156,13.341764450073242,12.019216537475586,3.0,28.0,70.0,35.53756,25.69527244567871,22.930176,82.993286,18.269458770751953,26.783662796020508,10.586301803588867,18.508939743041992
41,1C2X,42,0,0,1,0,0,-1,0,0,0,0,0,0,0,0,0,0,0,0,0,0,0,0,0,0,0,0,0,1,18,5,1,1,15,1,1,0,0,0,0,0,0,0,0,0,0,0,0,0,-76.829,174.124,56.935,72.137,-166.824,-80.959,-85.865,-139.189,-37.313,10.688,19.12,-40.356,46.075,47.681,66.359,165.313,-178.119,168.555,-172.474,-139.195,-143.36,2.886,3.918,14.426,2.496,0.131,1,0,0,0,1,0,0,0,1,0,4,0,5.83369255065918,4.0539326667785645,6.727953910827637,3.456937551498413,8.583096504211426,7.859953880310059,10.396553993225098,6.690712928771973,12.681605339050293,14.47332763671875,14.347694396972656,10.102198600769043,2.0,40.0,76.0,37.27428,29.382612228393555,10.120979,92.75596,23.824504852294922,48.58869934082031,22.83163833618164,39.23676300048828
42,1C2X,43,0,0,1,0,0,-1,0,0,0,0,0,0,0,0,0,0,0,0,0,0,0,0,0,0,0,0,0,1,18,5,1,1,15,1,1,0,0,0,0,0,0,0,0,0,0,0,0,0,-75.582,166.196,59.27,100.164,-60.583,70.127,229.29,-118.933,-7.186,-12.929,25.006,-29.428,24.698,29.537,32.157,-170.447,92.031,-167.531,80.531,-141.386,70.241,1.224,3.65,38.047,6.609,0.349,0,0,1,0,1,0,1,0,0,0,2,0,5.496367454528809,6.298698425292969,7.221126556396484,3.9374899864196777,8.681623458862305,13.045504570007324,11.583767890930176,7.376466751098633,12.46981143951416,16.141496658325195,10.73203182220459,6.495436191558838,4.0,26.0,53.0,50.862297,35.99936294555664,5.390815,100.62821,63.663902282714844,85.2002182006836,54.50483703613281,37.80295181274414
43,1C2X,44,0,0,0,1,0,-1,0,0,0,0,0,0,0,0,0,0,0,0,0,0,0,0,0,0,0,0,0,1,13,3,1,1,15,1,1,0,0,0,0,0,0,0,0,0,0,0,0,0,-177.375,179.17,69.542,81.818,-148.84,-46.238,-102.602,-86.717,15.874,-36.873,44.153,-36.558,12.931,44.165,358.626,124.854,-94.089,133.576,-129.984,144.248,149.545,0.235,4.644,64.91,9.635,0.547,1,0,0,0,1,0,0,0,1,2,0,0,5.830101490020752,6.896795272827148,7.084371089935303,3.933955669403076,10.713130950927734,11.378785133361816,7.7027153968811035,8.39809799194336,16.284923553466797,17.88931655883789,14.534570693969727,13.903646469116211,1.0,22.0,57.0,49.46184,36.04057312011719,7.6871223,116.13824,38.984039306640625,56.78118133544922,41.35811996459961,65.7477035522461
44,1C2X,45,1,0,0,0,0,-1,0,0,0,0,0,0,0,0,0,0,0,0,0,0,0,0,0,0,0,0,0,0,0,0,1,1,15,1,1,0,0,0,0,0,0,0,0,0,0,0,0,0,-173.76,-173.962,47.189,128.168,-86.721,105.134,168.145,44.24,-47.83,51.547,-34.543,7.714,26.482,51.641,131.982,78.728,108.756,106.782,108.275,61.905,127.63,-0.527,1.447,55.527,9.146,0.469,0,0,1,0,0,1,0,0,1,0,1,0,5.528940677642822,6.755103588104248,7.804811000823975,4.2367424964904785,11.22841739654541,17.298412322998047,12.733654022216797,10.586475372314453,8.826737403869629,9.302799224853516,13.332047462463379,11.779817581176758,2.0,29.0,74.0,42.738247,41.56032180786133,23.242277,80.468285,48.85613250732422,85.6780014038086,42.61939239501953,47.00550842285156
45,1C2X,46,1,0,0,0,1,35,0,1,0,1,0,0,0,0,0,0,0,0,0,0,0,1,3,5,0,0,0,1,4,2,1,1,15,1,1,0,0,0,0,0,0,0,0,0,0,0,0,0,-105.091,163.905,44.928,149.483,-92.39,-94.987,2.598,-121.922,-21.839,33.356,-30.324,16.959,2.976,33.149,156.174,178.33,-74.487,-167.7,-84.18,-145.256,-76.938,2.117,1.523,103.44,16.178,0.785,0,0,1,0,1,0,0,1,0,1,1,0,6.211613178253174,11.885783195495605,7.714125156402588,4.215020656585693,6.4883880615234375,4.753773212432861,6.7420148849487305,3.7105934619903564,11.421091079711914,8.301227569580078,7.992555618286133,7.7008442878723145,1.0,21.0,46.0,41.13097,37.29548263549805,20.353926,66.57247,81.402587890625,43.48046875,41.50416946411133,43.31744384765625
46,1C2X,47,0,0,1,0,1,58,0,1,1,0,0,0,0,0,0,0,0,0,0,0,0,0,0,0,0,0,0,0,0,0,1,1,15,1,1,0,0,0,0,0,0,0,0,0,0,0,0,0,-78.504,167.35,-67.721,-45.722,-69.375,-150.988,81.612,-156.297,-1.831,-23.637,38.856,-39.641,28.75,41.7,21.284,-39.975,36.63,-48.041,85.35,-40.056,89.071,3.069,4.777,71.879,11.488,0.587,0,0,1,0,1,0,1,0,0,2,1,0,7.512650489807129,8.79481029510498,6.69284200668335,4.511972427368164,11.449320793151855,9.707124710083008,10.39382266998291,9.229912757873535,14.492321968078613,10.765461921691895,13.458325386047363,13.318948745727539,1.0,10.0,27.0,19.41997,51.01152420043945,31.433819,110.353325,68.2948226928711,56.335269927978516,61.455421447753906,52.573394775390625
47,1C2X,48,0,1,0,0,1,34,1,0,1,0,0,0,0,0,0,0,0,0,0,0,0,1,3,5,1,4,4,1,4,2,1,1,15,0,0,0,0,0,0,0,0,0,0,0,0,0,0,0,-121.662,162.769,46.902,78.746,-157.858,-62.638,-95.219,-151.956,-0.981,-17.254,25.425,-27.382,18.292,27.161,20.592,139.199,-141.376,125.406,-140.431,114.389,-108.118,3.39,4.578,20.581,3.444,0.18,1,0,0,0,1,0,1,0,0,2,0,0,5.6336669921875,4.117652893066406,6.572203636169434,3.7659425735473633,10.771169662475586,8.058289527893066,9.490950584411621,7.357158660888672,15.204501152038574,11.567306518554688,13.316851615905762,12.972597122192383,2.0,25.0,51.0,50.35366,34.730533599853516,8.135666,108.679665,28.809982299804688,40.51818084716797,29.372995376586914,48.05722427368164
48,1C2X,49,0,0,1,0,1,33,1,0,1,0,0,0,0,0,0,0,0,0,0,0,0,1,3,5,1,4,4,0,0,0,0,0,0,0,0,0,0,0,0,0,0,0,0,0,0,0,0,0,-80.089,174.767,64.848,78.888,-154.435,-62.213,-92.221,-145.551,-2.824,-24.746,40.791,-45.758,29.931,44.375,23.184,163.875,-140.404,-178.27,-142.797,-131.693,-113.876,3.049,4.564,22.858,3.894,0.201,1,0,0,0,1,0,1,0,0,3,0,0,5.661293983459473,4.405244827270508,6.2995429039001465,3.991116762161255,11.080706596374512,8.480545997619629,9.235406875610352,7.988166809082031,16.799407958984375,15.174310684204102,12.82273006439209,12.893321990966797,1.0,19.0,47.0,49.819427,36.154544830322266,6.5683827,107.244316,20.882139205932617,35.678462982177734,28.36294174194336,45.75468444824219
49,1C2X,50,1,0,0,0,1,32,1,0,1,0,0,0,0,0,0,0,0,0,0,0,0,1,3,5,1,4,4,0,0,0,0,0,0,0,0,0,0,0,0,0,0,0,0,0,0,0,0,0,-68.461,166.343,59.27,77.471,-165.893,-51.566,-114.327,-158.509,2.411,-27.77,42.106,-40.969,24.254,43.619,15.131,161.985,-142.183,178.327,-144.44,-136.693,-118.479,4.063,4.41,23.468,4.136,0.214,1,0,0,0,1,0,1,0,0,2,0,0,5.918018817901611,4.561657428741455,6.677848815917969,3.693800926208496,11.306731224060059,11.487042427062988,8.995694160461426,7.313803672790527,13.91932201385498,10.348593711853027,14.231042861938477,12.285362243652344,2.0,19.0,46.0,37.964283,31.976591110229492,8.093132,96.23402,21.739200592041016,57.23944091796875,25.042062759399414,41.095333099365234
50,1C2X,51,0,0,0,1,1,31,1,0,1,0,0,0,0,0,0,0,0,0,0,0,0,1,3,5,1,4,4,0,0,0,0,0,0,0,0,0,0,0,0,0,0,0,0,0,0,0,0,0,-90.547,-172.652,64.294,70.661,-159.006,-179.429,20.423,-147.756,-14.193,-14.657,36.81,-46.079,38.34,45.816,36.541,169.74,94.395,-176.421,88.523,-138.594,78.835,3.358,4.512,109.168,14.667,0.816,0,0,1,0,1,0,0,0,1,3,3,0,7.3956146240234375,10.9214506149292,6.92896842956543,3.7651379108428955,9.0631103515625,8.930500030517578,11.423933029174805,7.001817226409912,10.987781524658203,8.63346004486084,13.248573303222656,9.0483980178833,3.0,25.0,68.0,34.980995,33.714202880859375,11.183222,95.95248,91.36421203613281,63.70634460449219,63.46102523803711,42.72219467163086
51,1C2X,52,1,0,0,0,0,-1,0,0,0,0,0,0,0,0,0,0,0,0,0,0,0,0,0,0,0,0,0,1,14,3,0,0,0,0,0,0,0,0,0,0,0,0,0,0,0,0,0,0,-172.698,-177.962,56.479,102.36,-143.511,-51.763,-91.748,-168.092,20.285,-30.106,27.122,-15.769,-2.496,29.683,336.027,98.556,-99.145,102.845,-102.602,116.196,-58.767,4.444,4.429,34.073,5.299,0.294,1,0,0,0,1,0,0,0,1,1,0,0,5.970580101013184,4.339340686798096,6.6895856857299805,3.77752685546875,11.404572486877441,8.187514305114746,9.330955505371094,8.435400009155273,16.509597778320312,18.891538619995117,13.209746360778809,13.314909934997559,1.0,12.0,29.0,48.41398,34.29312515258789,5.7628617,92.79398,40.184078216552734,63.21021270751953,45.88176345825195,73.93575286865234
52,1C2X,53,1,0,0,0,0,-1,0,0,0,0,0,0,0,0,0,0,0,0,0,0,0,0,0,0,0,0,0,1,14,3,0,0,0,0,0,0,0,0,0,0,0,0,0,0,0,0,0,0,-72.156,176.484,51.698,84.007,-156.395,-68.165,-88.23,-150.991,1.972,-22.006,31.917,-31.542,18.947,33.059,15.104,153.807,-136.652,-174.927,-140.987,-100.78,-107.542,4.22,4.609,21.383,3.387,0.186,1,0,0,0,1,0,1,0,0,0,2,0,5.988226890563965,3.8495450019836426,6.79622745513916,3.883268356323242,12.006195068359375,15.197060585021973,9.531269073486328,7.412485122680664,14.560154914855957,18.57314109802246,12.377975463867188,12.881073951721191,1.0,23.0,43.0,43.84784,34.11494445800781,5.4320254,96.02045,24.091459274291992,75.68644714355469,29.80953598022461,60.168540954589844
53,1C2X,54,0,0,0,1,0,-1,0,0,0,0,0,0,0,0,0,0,0,0,0,0,0,0,0,0,0,0,0,1,14,3,0,0,0,0,0,0,0,0,0,0,0,0,0,0,0,0,0,0,-98.351,-179.558,72.873,75.34,-79.67,-129.017,49.346,-150.094,3.68,-24.911,32.642,-34.024,19.734,33.65,14.064,171.451,-101.767,-179.312,-129.877,-135.838,-133.98,3.88,4.674,137.353,17.898,0.932,0,0,1,0,1,0,1,0,0,1,1,0,7.359043121337891,12.37968921661377,7.061741828918457,4.297804832458496,11.088615417480469,15.762553215026855,8.743091583251953,7.8573784828186035,9.913077354431152,7.613041400909424,9.62888240814209,10.399116516113281,1.0,11.0,27.0,43.9039,40.15858459472656,6.7024436,99.21426,93.11031341552734,83.08856964111328,56.369293212890625,73.19807434082031
54,1C2X,55,0,1,0,0,0,-1,0,0,0,0,0,0,0,0,0,0,0,0,0,0,0,0,0,0,0,0,0,0,0,0,0,0,0,0,0,0,0,0,0,0,0,0,0,0,0,0,0,0,72.073,163.145,71.78,145.323,-65.112,92.718,202.169,-142.209,-24.54,35.638,-32.441,20.465,1.698,35.121,157.473,-39.811,174.163,4.107,136.428,-9.964,135.499,1.155,0.867,58.729,10.382,0.493,0,0,1,0,1,0,0,1,0,0,0,0,4.6318840980529785,9.0706787109375,7.311110973358154,4.065295696258545,8.597679138183594,13.778135299682617,8.195231437683105,7.753705024719238,13.694890022277832,20.153505325317383,12.299872398376465,9.960440635681152,3.0,16.0,28.0,48.749687,35.00758743286133,19.163301,76.127426,43.07136535644531,110.1491470336914,22.068815231323242,60.934452056884766
55,1C2X,56,0,0,0,1,1,23,1,0,0,0,0,0,0,0,1,0,0,0,1,2,3,0,0,0,0,0,0,1,2,2,0,0,0,0,0,0,0,0,0,0,0,0,0,0,0,0,0,0,70.228,-84.793,-63.703,-49.816,149.171,-86.28,-124.549,-90.074,-20.489,-8.234,31.262,-43.977,39.303,44.055,44.797,-64.634,-48.07,-98.279,-42.21,-100.787,-158.658,-0.537,4.441,138.512,16.329,0.936,1,0,0,0,1,0,0,0,1,1,1,0,7.440860748291016,12.928346633911133,6.570878982543945,4.6185078620910645,10.878616333007812,15.363327980041504,8.90311050415039,8.862783432006836,14.447628021240234,15.2557954788208,11.492487907409668,13.613027572631836,2.0,23.0,41.0,17.241957,48.0713005065918,23.24508,102.26375,86.91673278808594,84.3434066772461,76.46158599853516,76.94375610351562
56,1C2X,57,1,0,0,0,0,-1,0,0,0,0,0,0,0,0,0,0,0,0,0,0,0,0,0,0,0,0,0,0,0,0,0,0,0,0,0,0,0,0,0,0,0,0,0,0,0,0,0,0,-72.369,-84.751,166.28,31.295,-102.958,-87.078,-15.88,52.522,-2.24,23.821,-34.507,32.684,-20.536,35.618,194.345,-29.126,-113.945,-24.017,-139.562,93.135,-167.828,-0.602,1.615,90.008,14.056,0.707,0,0,1,0,0,1,0,0,1,1,1,0,7.105404376983643,11.542072296142578,7.472355842590332,3.8569040298461914,12.133649826049805,13.512187004089355,9.430985450744629,6.732395172119141,10.402297973632812,14.769988059997559,14.47573471069336,12.59736156463623,2.0,12.0,57.0,39.652214,34.395172119140625,8.45798,89.034775,62.48139190673828,69.68962860107422,44.1042366027832,63.36819076538086
57,1C2X,58,1,0,0,0,1,47,0,1,1,0,0,0,0,0,0,0,0,0,0,0,0,0,0,0,0,0,0,1,12,3,0,0,0,0,0,0,0,0,0,0,0,0,0,0,0,0,0,0,60.876,144.362,167.553,81.518,-163.994,-100.328,-63.666,90.118,-20.509,-5.359,26.949,-41.014,37.705,40.7,48.537,14.957,128.492,63.775,149.128,71.409,116.459,-1.808,3.912,27.578,3.714,0.249,1,0,0,1,0,0,0,0,1,3,4,1,6.347900390625,4.653996467590332,6.3544535636901855,3.4179255962371826,8.328606605529785,12.194664001464844,11.32354736328125,7.24672794342041,13.72659969329834,17.871795654296875,15.54263973236084,11.147997856140137,2.0,32.0,72.0,31.503748,28.5316219329834,12.295279,94.33813,26.78374671936035,82.6971664428711,24.6611328125,61.17697525024414
58,1C2X,59,1,0,0,0,0,-1,0,0,0,0,0,0,0,0,0,0,0,0,0,0,0,0,0,0,0,0,0,1,12,3,0,0,0,0,0,0,0,0,0,0,0,0,0,0,0,0,0,0,-77.058,175.986,75.497,111.573,-95.956,75.851,188.192,-86.621,21.436,-27.607,24.821,-13.463,-4.371,28.01,332.392,-152.683,55.034,-154.655,52.658,154.331,81.254,-0.83,4.27,102.866,15.066,0.783,0,0,1,0,1,0,0,0,1,0,2,0,6.3501739501953125,9.696002006530762,7.586150646209717,4.096732139587402,12.20563793182373,15.69911003112793,12.841730117797852,9.773357391357422,17.05351448059082,18.472675323486328,18.485570907592773,15.444622993469238,1.0,13.0,40.0,59.08614,36.2305793762207,4.639034,108.633415,98.42448425292969,114.32678985595703,72.37405395507812,82.8208999633789
59,1C2X,60,0,0,1,0,1,23,1,0,1,0,0,0,0,0,0,0,0,0,1,2,3,1,2,8,1,3,6,1,10,3,0,0,0,0,0,0,0,0,0,0,0,0,0,0,0,0,0,0,-132.786,179.022,72.842,71.13,-160.113,-72.646,-87.466,170.888,9.163,-35.31,46.563,-44.873,22.47,47.153,9.067,151.635,-160.029,176.626,-157.488,-141.301,-154.862,4.782,4.828,28.454,4.356,0.26,1,0,0,0,1,0,1,0,0,3,1,1,6.12160062789917,6.017514228820801,5.788177013397217,4.184513568878174,11.568183898925781,8.923700332641602,10.151535987854004,7.905656814575195,15.919875144958496,12.235190391540527,14.253830909729004,13.505207061767578,1.0,19.0,51.0,57.518837,37.54608917236328,6.420403,116.15351,27.582019805908203,41.219970703125,27.074623107910156,42.82149887084961
60,1C2X,61,0,0,0,1,1,22,1,0,1,0,0,0,0,0,0,0,0,0,0,0,0,1,2,8,1,3,6,0,0,0,0,0,0,0,0,0,0,0,0,0,0,0,0,0,0,0,0,0,-66.112,172.718,70.406,90.393,-144.134,-75.116,-69.018,-163.186,-0.934,-17.355,27.22,-30.098,19.786,29.311,21.774,-170.395,-131.217,-165.234,-133.976,-159.472,-101.716,4.4,4.544,20.734,3.468,0.186,1,0,0,0,1,0,1,0,0,2,0,0,5.814549446105957,3.5177860260009766,6.624748229980469,3.715242624282837,11.027750968933105,7.602891445159912,9.000528335571289,7.646486759185791,16.094213485717773,12.134735107421875,12.763257026672363,12.816033363342285,1.0,20.0,48.0,43.66244,33.319419860839844,7.3949943,91.76145,25.898616790771484,41.72199249267578,31.542638778686523,50.89340591430664
61,1C2X,62,0,0,1,0,1,21,1,0,1,0,0,0,0,0,0,0,0,0,0,0,0,1,2,8,1,3,6,0,0,0,0,0,0,0,0,0,0,0,0,0,0,0,0,0,0,0,0,0,-77.221,170.944,59.838,76.996,-156.653,-67.251,-89.402,-156.376,12.826,-32.738,39.077,-30.522,12.283,39.087,358.685,154.251,-146.875,174.431,-147.785,-130.312,-124.941,4.686,4.509,26.974,4.411,0.24,1,0,0,0,1,0,0,0,1,3,0,0,5.736529350280762,4.314123630523682,6.066266059875488,3.8944692611694336,11.474573135375977,9.16317081451416,9.275500297546387,7.542562484741211,15.732227325439453,11.419255256652832,13.512176513671875,13.08484935760498,1.0,22.0,44.0,52.54503,33.99066925048828,6.7444773,109.26031,23.97051429748535,34.6089973449707,25.4873046875,42.20690155029297
62,1C2X,63,0,0,1,0,1,20,1,0,1,0,0,0,0,0,0,0,0,0,0,0,0,1,2,8,1,3,6,0,0,0,0,0,0,0,0,0,0,0,0,0,0,0,0,0,0,0,0,0,-83.635,172.977,77.059,70.863,-138.239,-76.68,-61.559,-173.69,-3.503,-21.858,35.263,-39.898,26.959,38.625,24.08,173.836,-149.148,-174.87,-149.702,-138.901,-131.103,4.719,4.685,19.234,3.293,0.177,1,0,0,0,1,0,1,0,0,3,0,0,6.019338130950928,5.0102458000183105,6.277685165405273,4.124302387237549,11.106220245361328,7.624202728271484,9.479718208312988,8.0147066116333,17.624908447265625,19.289094924926758,13.321544647216797,12.932289123535156,1.0,21.0,43.0,49.078053,37.488555908203125,6.8250704,104.035675,23.861719131469727,40.75434494018555,30.907939910888672,49.3120002746582
63,1C2X,64,0,0,0,1,1,19,1,0,1,0,0,0,0,0,0,0,0,0,0,0,0,1,2,8,1,3,6,0,0,0,0,0,0,0,0,0,0,0,0,0,0,0,0,0,0,0,0,0,-78.831,170.953,62.662,74.836,-151.154,-69.757,-81.397,-148.962,-4.346,-20.507,34.424,-40.754,27.492,38.359,26.18,161.238,-142.853,169.856,-139.152,-159.092,-103.491,4.453,4.513,25.842,4.196,0.226,1,0,0,0,1,0,1,0,0,3,0,0,5.768442630767822,3.8236536979675293,6.637110233306885,3.717574119567871,12.665753364562988,15.193155288696289,9.158600807189941,6.935868263244629,12.470492362976074,8.662005424499512,12.449178695678711,11.551955223083496,1.0,18.0,42.0,38.841564,33.11988067626953,9.215374,95.40054,27.384485244750977,66.88663482666016,29.69258689880371,51.12664794921875
64,1C2X,65,0,1,0,0,1,18,1,0,1,0,0,0,0,0,0,0,0,0,0,0,0,1,2,8,1,3,6,0,0,0,0,0,0,0,0,1,1,5,0,0,0,0,0,0,0,0,0,0,-75.227,161.988,63.691,88.023,-94.437,-125.66,31.223,-156.444,-1.722,-22.016,36.773,-39.319,25.42,39.507,21.44,-175.916,-132.218,-161.124,-143.93,-117.216,-171.42,3.905,4.447,150.372,16.526,0.967,0,0,1,0,1,0,1,0,0,2,0,0,7.398780822753906,12.277904510498047,6.655673027038574,4.234744071960449,7.179504871368408,5.804755210876465,9.62258243560791,5.587862968444824,12.077764511108398,8.8535795211792,10.610998153686523,8.064896583557129,2.0,17.0,54.0,53.036335,37.806373596191406,5.782215,108.273,88.31256866455078,18.77415657043457,45.888668060302734,10.871742248535156
65,1C2X,66,1,0,0,0,0,-1,0,0,0,0,0,0,0,0,0,0,0,0,0,0,0,0,0,0,0,0,0,1,5,2,0,0,0,0,0,1,1,5,1,2,0,0,0,0,0,0,0,0,43.47,174.268,69.116,84.458,-163.313,172.211,24.475,98.837,2.834,-27.455,39.449,-38.547,23.478,40.774,14.649,-69.821,87.101,-53.306,73.792,-22.841,36.586,0.673,4.163,135.566,16.834,0.928,0,0,1,1,0,0,1,0,0,3,0,1,7.326223373413086,12.560322761535645,6.187168121337891,3.6475672721862793,9.971736907958984,12.803241729736328,9.92981243133545,5.035861492156982,11.011116981506348,10.650057792663574,16.025644302368164,10.845126152038574,2.0,26.0,66.0,51.54163,32.563377380371094,9.029981,116.54641,111.06352996826172,93.88917541503906,61.89590835571289,46.951839447021484
66,1C2X,67,0,0,0,1,1,17,1,0,1,0,0,0,0,0,0,0,0,0,0,0,0,1,2,8,1,2,2,1,1,2,0,0,0,0,0,1,1,5,0,0,0,0,0,0,0,0,0,0,-59.657,174.541,-67.467,84.728,-140.297,-73.253,-67.044,-179.599,10.956,-33.528,41.262,-37.1,16.785,41.375,4.234,89.628,-178.32,79.953,-153.039,131.81,-115.5,4.472,4.723,26.967,4.298,0.243,1,0,0,0,1,0,1,0,0,2,0,1,5.808150291442871,4.026683807373047,6.239457130432129,4.07478666305542,10.2681245803833,7.8526082038879395,9.57554817199707,7.95445442199707,12.481525421142578,11.276966094970703,13.777847290039062,12.995648384094238,1.0,19.0,59.0,31.021627,38.14204025268555,15.430254,100.933815,26.567358016967773,57.69496536254883,38.39620590209961,67.86400604248047
67,1C2X,68,0,0,1,0,1,16,1,0,1,0,0,0,0,0,0,0,0,0,0,0,0,1,2,8,1,2,2,1,15,3,0,0,0,0,0,0,0,0,0,0,1,1,15,0,0,0,0,0,-63.836,168.35,69.16,144.808,-132.907,-46.179,-86.728,-143.684,-18.342,31.936,-33.878,22.585,-3.257,34.796,166.809,-173.897,-49.892,-139.166,-70.25,-112.884,-38.168,2.431,2.087,33.138,5.302,0.286,1,0,0,0,1,0,0,1,0,3,3,0,5.504800796508789,4.7014079093933105,7.0937957763671875,3.658947229385376,9.651021003723145,9.043158531188965,10.340627670288086,7.287485122680664,14.962712287902832,13.204163551330566,13.385594367980957,11.639111518859863,1.0,26.0,58.0,46.718822,32.60623550415039,22.311834,68.4294,49.43645095825195,92.40998840332031,51.586429595947266,83.01368713378906
68,1C2X,69,0,0,0,1,1,107,1,0,1,0,0,0,0,0,0,0,0,0,1,1,3,0,0,0,0,0,0,1,15,3,0,0,0,0,0,0,0,0,0,0,1,1,15,1,2,0,0,0,-96.247,168.931,59.418,135.042,170.476,-101.215,-88.309,-56.275,-38.988,58.274,-53.528,30.545,4.958,58.375,156.488,111.94,-139.167,-173.208,-166.566,-124.627,-111.479,1.575,2.295,43.15,7.262,0.371,1,0,0,0,1,0,0,1,0,3,2,0,5.439864158630371,4.650689601898193,6.653232097625732,3.1308751106262207,11.186233520507812,8.770402908325195,8.821026802062988,7.357056617736816,15.460346221923828,12.457316398620605,13.38657283782959,12.318716049194336,4.0,17.0,50.0,37.437675,25.389394760131836,24.505754,88.11147,27.657711029052734,33.32794189453125,9.626961708068848,15.72511100769043
69,1C2X,70,0,0,1,0,1,106,1,0,1,0,0,0,0,0,0,0,0,0,1,3,3,1,4,17,1,5,2,1,15,3,0,0,0,0,0,0,0,0,0,0,1,1,15,0,0,0,0,0,-63.836,153.027,65.512,74.584,-162.431,-67.862,-94.569,-151.574,-15.33,-11.401,32.889,-42.171,34.902,42.124,38.668,-179.201,-158.699,-170.978,-158.168,-109.096,-130.641,3.953,4.363,26.566,4.384,0.23,1,0,0,0,1,0,0,0,1,4,3,0,5.827330112457275,4.435631275177002,6.5674262046813965,3.7384161949157715,10.784679412841797,7.829344272613525,9.924699783325195,7.446800708770752,17.007814407348633,16.445178985595703,13.562651634216309,12.65152359008789,2.0,37.0,74.0,44.96496,33.032814025878906,7.3042536,98.33637,26.738080978393555,41.751220703125,24.72916603088379,42.879783630371094
70,1C2X,71,0,0,1,0,1,105,1,0,1,0,0,0,0,0,0,0,0,0,0,0,0,1,4,17,1,5,2,1,6,2,0,0,0,0,0,0,0,0,0,0,0,0,0,0,0,0,0,0,-77.281,172.967,55.552,84.553,-151.974,-56.307,-95.667,-165.882,-0.554,-26.125,39.699,-40.885,28.556,42.18,19.751,165.884,-128.216,174.233,-128.22,-149.868,-79.839,3.925,4.664,31.406,5.041,0.271,1,0,0,0,1,0,1,0,0,4,1,0,5.932386875152588,4.378594875335693,6.357453346252441,3.99433970451355,12.145424842834473,12.703563690185547,9.342095375061035,8.137771606445312,17.439746856689453,14.575517654418945,14.383055686950684,13.1095609664917,2.0,28.0,72.0,49.647865,36.57085418701172,6.705047,107.20461,29.86841583251953,37.57997131347656,34.95763397216797,42.28896713256836
71,1C2X,72,0,0,0,1,1,104,0,1,0,0,0,0,0,0,0,1,0,0,0,0,0,1,4,17,0,0,0,1,6,2,0,0,0,0,0,0,0,0,0,0,0,0,0,0,0,0,0,0,-87.863,-168.345,63.987,74.568,-175.155,-96.938,-78.217,-153.434,8.173,-24.904,32.879,-29.935,13.689,33.058,5.951,166.15,161.976,-173.216,162.311,-106.578,156.372,3.691,4.569,67.053,11.108,0.555,1,0,0,0,1,0,1,0,0,1,3,0,6.289389610290527,9.06013298034668,6.787843227386475,3.5030999183654785,11.547481536865234,10.440556526184082,11.21717357635498,7.038142204284668,15.360939025878906,12.455522537231445,15.43466854095459,12.072622299194336,2.0,22.0,59.0,43.291653,30.5033016204834,9.019595,98.904724,41.582218170166016,47.601654052734375,26.33850860595703,34.49720001220703
72,1C2X,73,1,0,0,0,1,103,0,1,0,0,0,1,0,0,0,0,0,0,0,0,0,1,4,17,0,0,0,1,19,7,0,0,0,0,0,0,0,0,0,0,0,0,0,0,0,0,0,0,-65.192,179.41,62.288,70.741,-151.176,-57.602,-93.574,-150.549,-25.426,-7.4,34.538,-47.593,46.207,50.131,46.452,-170.343,-147.059,178.81,-141.894,160.541,-81.277,3.707,4.33,28.858,4.716,0.249,1,0,0,0,1,0,0,0,1,2,2,0,5.625384330749512,4.0980634689331055,7.0074462890625,3.8171300888061523,10.571714401245117,8.219436645507812,9.095322608947754,7.538567543029785,14.357747077941895,11.463594436645508,12.728981018066406,12.79712200164795,1.0,20.0,45.0,29.200157,34.6463508605957,10.923587,86.72691,29.41617774963379,49.40861511230469,30.070541381835938,50.870357513427734
73,1C2X,74,0,1,0,0,1,102,0,1,0,0,0,0,0,0,0,0,0,0,0,0,0,1,4,17,0,0,0,1,19,7,0,0,0,0,0,0,0,0,0,0,0,0,0,0,0,0,0,0,-77.527,165.267,66.841,80.044,-140.132,-63.289,-76.843,-147.365,7.555,-29.317,37.61,-33.692,16.774,37.869,6.698,161.073,-134.93,-179.882,-132.7,-107.306,-98.95,3.439,4.643,32.878,5.292,0.283,1,0,0,0,1,0,1,0,0,2,0,0,5.75310754776001,4.389520645141602,6.019594192504883,4.002895832061768,10.658955574035645,7.583520412445068,8.818784713745117,7.9906907081604,13.970749855041504,10.101784706115723,12.928680419921875,13.44822883605957,2.0,22.0,39.0,54.841324,35.649288177490234,6.9762855,113.95064,26.107711791992188,47.40522384643555,31.668188095092773,53.32373046875
74,1C2X,75,0,0,0,1,1,101,1,0,0,0,0,0,0,0,0,0,0,0,0,0,0,1,4,17,0,0,0,1,19,7,0,0,0,0,0,0,0,0,0,0,0,0,0,0,0,0,0,0,-69.237,178.971,54.694,90.338,-142.484,-81.014,-61.47,-159.52,21.288,-39.417,41.93,-30.445,7.145,42.598,349.845,162.87,-140.217,-176.76,-133.364,-124.041,-86.853,4.548,4.714,30.439,4.537,0.263,1,0,0,0,1,0,0,0,1,1,0,0,5.479930400848389,3.8289833068847656,6.264339447021484,4.002326011657715,10.045066833496094,6.934233665466309,8.934218406677246,7.612353324890137,15.694687843322754,13.446867942810059,12.152997016906738,12.85091495513916,1.0,21.0,41.0,43.72296,35.429996490478516,6.443146,96.06634,27.432117462158203,51.615299224853516,30.949678421020508,57.19599151611328
75,1C2X,76,0,0,0,1,1,100,1,0,0,1,0,0,0,0,0,0,0,0,0,0,0,1,4,17,0,0,0,1,19,7,0,0,0,0,0,0,0,0,0,0,0,0,0,0,0,0,0,0,-60.417,160.033,59.263,86.419,-132.433,-53.247,-79.186,-164.334,14.76,-33.951,39.218,-33.348,11.983,39.234,358.396,178.553,-106.29,-161.153,-111.517,-100.77,-67.455,4.57,4.668,31.139,5.066,0.27,1,0,0,0,1,0,0,0,1,2,0,0,5.503378391265869,3.5859928131103516,6.863018989562988,4.230061054229736,11.734718322753906,9.922820091247559,8.54415512084961,8.30617904663086,15.396271705627441,11.3593168258667,13.238677024841309,13.696674346923828,1.0,25.0,40.0,45.05964,38.91221237182617,3.8636112,92.97331,33.83458709716797,44.87918472290039,41.107215881347656,56.696128845214844
76,1C2X,77,0,1,0,0,1,99,0,1,0,1,0,0,0,0,0,0,0,0,0,0,0,1,4,17,0,0,0,1,19,7,0,0,0,0,0,0,0,0,0,0,0,0,0,0,0,0,0,0,-77.983,166.254,62.063,73.586,-165.823,-84.147,-81.676,-163.413,12.509,-29.908,34.06,-30.25,11.481,34.061,359.625,151.017,179.161,179.859,-178.615,-100.252,-176.66,4.925,4.551,43.511,6.798,0.378,1,0,0,0,1,0,0,0,1,1,1,0,6.270727634429932,7.428109169006348,5.985198497772217,3.744645357131958,10.354660034179688,7.97357177734375,10.627025604248047,7.3366289138793945,14.036616325378418,10.62865161895752,13.363375663757324,11.7915620803833,2.0,26.0,54.0,53.688915,31.760265350341797,6.8738933,107.942535,29.607824325561523,39.57719039916992,20.85201644897461,36.71156311035156
77,1C2X,78,1,0,0,0,1,98,0,1,0,0,0,0,0,1,0,0,0,0,0,0,0,1,4,17,0,0,0,1,20,7,0,0,0,0,0,0,0,0,0,0,0,0,0,0,0,0,0,0,-80.988,-168.465,76.893,81.182,-136.759,-50.772,-85.987,-174.169,3.911,-28.517,39.084,-37.383,21.34,40.007,12.331,-170.172,-110.745,-171.987,-105.248,-175.963,-53.34,4.504,4.742,39.994,6.356,0.346,1,0,0,0,1,0,1,0,0,1,2,0,5.38271951675415,4.36254358291626,6.624426364898682,4.1630072593688965,10.69186019897461,8.130037307739258,8.089765548706055,8.468873977661133,15.79212474822998,13.43726921081543,12.344080924987793,14.237527847290039,1.0,20.0,51.0,40.526463,36.83245849609375,8.219792,98.53922,35.75608444213867,59.23866271972656,41.24467086791992,67.91084289550781
78,1C2X,79,0,0,0,1,1,97,1,0,1,0,0,0,0,0,0,0,0,0,0,0,0,1,4,17,1,6,8,1,20,7,0,0,0,0,0,0,0,0,0,0,0,0,0,0,0,0,0,0,-67.795,163.005,63.506,65.547,-158.919,-61.499,-97.42,-165.125,-2.081,-26.114,42.055,-46.751,32.21,45.686,22.995,150.655,-148.303,-174.249,-144.535,-90.973,-110.367,4.477,4.547,26.972,4.301,0.241,1,0,0,0,1,0,1,0,0,3,0,0,5.737848281860352,3.831667900085449,6.182947158813477,3.9524641036987305,11.280709266662598,9.097901344299316,8.913558959960938,7.857931613922119,16.473180770874023,12.397603034973145,13.111001014709473,13.30285930633545,2.0,26.0,47.0,39.78806,35.4249153137207,9.0447,99.37408,25.411136627197266,34.37436294555664,27.66132164001465,38.977901458740234
79,1C2X,80,0,1,0,0,1,96,1,0,1,0,0,0,0,0,0,0,0,0,0,0,0,1,4,17,1,6,8,0,0,0,0,0,0,0,0,0,0,0,0,0,0,0,0,0,0,0,0,0,-68.897,-177.008,65.624,75.074,-174.589,-68.416,-106.173,-164.866,9.686,-33.46,42.162,-37.652,17.623,42.345,5.34,173.306,-157.554,-169.918,-159.92,-120.887,-150.059,4.411,4.498,29.159,4.677,0.256,1,0,0,0,1,0,1,0,0,2,1,0,5.655159950256348,5.581222057342529,6.109575271606445,3.7486343383789062,11.22925090789795,8.679852485656738,9.600611686706543,7.369395732879639,16.42591667175293,13.325455665588379,14.012027740478516,12.978515625,1.0,24.0,46.0,52.691776,33.69575119018555,7.8404975,113.60902,23.45985984802246,36.163604736328125,21.355239868164062,36.703548431396484
80,1C2X,81,0,0,0,1,1,95,1,0,1,0,0,0,0,0,0,0,0,0,0,0,0,1,4,17,1,6,8,0,0,0,0,0,0,0,0,0,0,0,0,0,0,0,0,0,0,0,0,0,-71.425,174.879,68.29,68.301,-160.014,-63.694,-96.319,-177.183,0.657,-27.416,41.553,-40.824,28.196,43.631,17.755,172.19,-145.168,-179.656,-142.447,-156.262,-111.16,4.962,4.807,25.944,4.208,0.237,1,0,0,0,1,0,1,0,0,3,1,0,5.97435188293457,3.7740938663482666,6.1938252449035645,3.906822919845581,11.587777137756348,8.71904468536377,9.057412147521973,8.115628242492676,16.410249710083008,11.840500831604004,13.22487735748291,13.543306350708008,1.0,21.0,43.0,40.032364,35.707908630371094,9.307277,99.12948,25.037744522094727,36.16899490356445,31.37230110168457,44.443294525146484
81,1C2X,82,0,1,0,0,1,94,1,0,1,0,0,0,0,0,0,0,0,0,0,0,0,1,4,17,1,6,8,0,0,0,0,0,0,0,0,0,0,0,0,0,0,0,0,0,0,0,0,0,-83.595,-168.604,70.569,72.384,-174.689,-70.138,-104.551,-165.218,-1.763,-21.832,34.682,-37.779,26.334,37.519,22.423,172.249,-159.864,-173.807,-160.418,-127.719,-143.583,5.047,4.453,20.788,3.321,0.184,1,0,0,0,1,0,1,0,0,2,1,0,5.72291374206543,5.12104606628418,6.327767372131348,3.7152888774871826,11.109407424926758,8.211706161499023,9.679862976074219,7.266845703125,14.619028091430664,10.576008796691895,13.639300346374512,12.615294456481934,1.0,24.0,43.0,50.25278,33.684471130371094,8.614657,109.2723,24.577482223510742,36.376243591308594,23.84984588623047,40.42295837402344
82,1C2X,83,0,0,0,1,1,93,1,0,1,0,0,0,0,0,0,0,0,0,0,0,0,1,4,17,1,6,8,0,0,0,0,0,0,0,0,0,0,0,0,0,0,0,0,0,0,0,0,0,-78.576,-176.166,55.947,77.049,-171.703,-53.603,-118.1,-165.856,4.513,-33.424,44.819,-46.063,27.454,46.286,14.463,167.028,-140.895,175.34,-136.863,-155.107,-97.956,4.22,4.739,22.287,3.49,0.196,1,0,0,0,1,0,1,0,0,4,1,0,5.987945556640625,3.8953018188476562,6.344470500946045,3.97170090675354,10.72091007232666,7.490887641906738,9.113140106201172,8.090095520019531,15.681053161621094,11.553047180175781,12.143232345581055,13.001385688781738,2.0,17.0,37.0,41.69049,36.665889739990234,6.718197,95.978065,24.725875854492188,40.639347076416016,33.056209564208984,55.3940315246582
83,1C2X,84,0,0,0,1,1,92,1,0,1,0,0,0,0,0,0,0,0,0,0,0,0,1,4,17,1,6,8,0,0,0,0,0,0,0,0,0,0,0,0,0,0,0,0,0,0,0,0,0,-95.209,-161.781,70.382,77.957,-162.57,-47.336,-115.234,-146.917,9.657,-29.198,35.364,-30.574,12.143,35.386,2.032,168.779,-126.276,-175.982,-131.608,-122.624,-115.765,3.938,4.485,20.056,3.729,0.189,1,0,0,0,1,0,1,0,0,3,0,0,5.586603164672852,3.980215072631836,6.6781086921691895,3.6470699310302734,11.314857482910156,8.261113166809082,8.515581130981445,7.597135066986084,14.6593017578125,14.426156997680664,12.495227813720703,12.888585090637207,1.0,19.0,38.0,43.420834,33.042808532714844,8.465012,99.86864,20.89678382873535,33.531898498535156,33.0774040222168,49.657386779785156
84,1C2X,85,0,0,0,1,1,91,1,0,1,0,0,0,0,0,0,0,0,0,0,0,0,1,4,17,1,6,8,0,0,0,0,0,0,0,0,0,0,0,0,0,0,0,0,0,0,0,0,0,-72.269,167.013,49.8,61.413,-178.891,-68.991,-109.9,-148.544,-3.352,-23.575,39.316,-42.886,28.993,42.749,23.118,152.372,-174.489,169.671,-173.792,-153.698,-158.197,4.636,4.419,19.659,3.255,0.176,1,0,0,0,1,0,1,0,0,3,1,0,5.859579563140869,4.300708770751953,6.592042446136475,3.7017271518707275,10.149550437927246,10.487077713012695,9.166189193725586,7.205758571624756,13.440080642700195,10.070804595947266,7.566176414489746,9.225645065307617,2.0,24.0,43.0,31.844126,33.272865295410156,10.90786,90.409386,19.657087326049805,32.64506912231445,24.468807220458984,41.66134262084961
85,1C2X,86,0,0,0,1,1,90,1,0,1,0,0,0,0,0,0,0,0,0,0,0,0,1,4,17,1,6,8,0,0,0,1,2,5,0,0,0,0,0,0,0,0,0,0,0,0,0,0,0,-101.048,-177.27,81.078,67.442,-129.849,-66.214,-63.635,-159.439,-9.025,-19.321,38.553,-48.008,33.939,45.037,31.126,166.407,-102.73,167.912,-131.97,-171.862,177.187,4.161,4.769,53.811,8.884,0.458,1,0,0,0,1,0,1,0,0,4,1,0,5.633800983428955,6.190742492675781,6.505529403686523,4.065484523773193,10.741819381713867,6.471455097198486,5.267140865325928,8.038957595825195,15.504561424255371,14.280075073242188,8.627253532409668,12.998857498168945,1.0,16.0,39.0,39.8357,37.3438606262207,9.4472685,101.89366,29.77251625061035,21.167734146118164,40.53439712524414,55.87862777709961
86,1C2X,87,0,1,0,0,0,-1,0,0,0,0,0,0,0,0,0,0,0,0,0,0,0,0,0,0,0,0,0,1,16,3,1,2,5,1,1,0,0,0,0,0,0,0,0,0,0,0,0,0,-168.662,-160.146,44.136,125.173,-177.596,-122.468,-55.128,-89.234,-37.719,46.88,-33.451,12.88,15.097,43.757,139.86,52.928,-175.615,86.67,172.885,45.515,-133.841,1.571,2.255,23.598,3.93,0.204,1,0,0,0,1,0,0,0,1,0,1,0,6.1517839431762695,4.248339653015137,6.964669704437256,3.24360990524292,11.865102767944336,13.253863334655762,10.003317832946777,7.312138557434082,10.751448631286621,6.846620559692383,11.675618171691895,10.843888282775879,2.0,26.0,44.0,33.91919,30.010671615600586,23.929323,79.80508,24.068105697631836,44.8398323059082,13.842150688171387,16.86314582824707
87,1C2X,88,0,0,1,0,0,-1,0,0,0,0,0,0,0,0,0,0,0,0,0,0,0,0,0,0,0,0,0,1,16,3,1,2,5,1,1,0,0,0,0,0,0,0,0,0,0,0,0,0,-104.952,-178.787,63.013,79.8,-173.974,-75.27,-98.704,-145.053,15.212,-31.149,36.242,-28.415,9.089,36.357,355.459,149.647,-145.4,151.216,177.155,-144.138,125.265,4.182,4.447,80.276,12.257,0.646,1,0,0,0,1,0,0,0,1,0,1,0,6.108099460601807,9.26333236694336,6.1859636306762695,3.6902923583984375,8.093037605285645,3.5668182373046875,7.7887725830078125,7.007874965667725,11.296778678894043,7.0620808601379395,9.18497085571289,10.972719192504883,1.0,17.0,49.0,53.369823,32.165809631347656,5.835125,107.57587,53.839229583740234,27.446561813354492,22.795787811279297,41.81379699707031
88,1C2X,89,0,1,0,0,0,-1,0,0,0,0,0,0,0,0,0,0,0,0,0,0,0,0,0,0,0,0,0,0,0,0,1,2,5,1,1,0,0,0,0,0,0,0,0,0,0,0,0,0,-176.3,-171.179,44.937,148.016,-78.537,-90.359,11.822,-151.079,-26.984,38.262,-37.335,20.816,4.234,40.545,157.047,78.735,-46.928,93.404,-67.006,58.014,-33.419,0.966,0.683,110.717,15.288,0.824,0,0,1,0,1,0,0,1,0,1,0,0,6.872110843658447,9.439496994018555,7.328249454498291,4.189413070678711,11.18200397491455,12.876253128051758,12.524785995483398,8.748254776000977,15.69580364227295,16.745145797729492,17.350322723388672,13.984103202819824,2.0,11.0,30.0,43.985306,38.47056198120117,21.506453,74.27337,103.13632202148438,128.66592407226562,54.926124572753906,81.31238555908203
89,1C2X,90,0,0,1,0,1,86,1,0,1,0,0,0,0,0,0,0,0,0,0,0,0,1,4,17,1,6,8,1,16,3,1,2,5,0,0,0,0,0,0,0,0,0,0,0,0,0,0,0,-74.39,170.457,53.151,78.704,-135.725,-67.331,-68.394,179.77,15.697,-34.749,41.147,-32.017,10.659,41.225,356.489,140.091,-122.72,-173.252,-122.878,-143.597,-99.796,4.23,4.763,18.486,3.35,0.181,1,0,0,0,1,0,0,0,1,4,0,0,5.896472930908203,4.1658935546875,6.155763149261475,4.156094074249268,11.540719032287598,8.532564163208008,9.186725616455078,8.573986053466797,16.60488510131836,12.475728034973145,13.983211517333984,14.166252136230469,1.0,18.0,43.0,58.50483,38.531288146972656,6.0540133,116.08403,32.02062225341797,45.07794952392578,40.538639068603516,56.49383544921875
90,1C2X,91,0,0,1,0,1,85,1,0,1,0,0,0,0,0,0,0,0,0,0,0,0,1,4,17,1,6,8,0,0,0,0,0,0,0,0,0,0,0,0,0,0,0,0,0,0,0,0,0,-68.611,161.021,59.438,80.059,-170.583,-87.305,-83.278,-152.458,-5.895,-22.71,40.509,-43.939,32.049,44.84,25.39,155.988,-167.38,177.867,-166.865,-134.939,-150.995,4.382,4.511,21.272,3.421,0.189,1,0,0,0,1,0,1,0,0,4,1,0,5.771373748779297,4.409463882446289,6.071420669555664,3.591221809387207,11.16530704498291,8.42316722869873,10.004871368408203,7.136806488037109,15.312300682067871,11.452216148376465,14.049375534057617,12.282222747802734,2.0,21.0,48.0,48.055374,31.393850326538086,7.597113,102.90978,22.772239685058594,34.54979705810547,19.531402587890625,30.629281997680664
91,1C2X,92,0,0,1,0,1,84,1,0,1,0,0,0,0,0,0,0,0,0,0,0,0,1,4,17,1,6,8,0,0,0,0,0,0,0,0,0,0,0,0,0,0,0,0,0,0,0,0,0,-56.579,165.55,61.21,82.744,-157.865,-63.286,-94.579,-159.298,-4.042,-19.496,34.144,-38.735,26.156,37.733,25.195,-176.522,-139.036,-169.462,-139.9,-149.052,-109.339,3.837,4.493,22.114,3.648,0.192,1,0,0,0,1,0,1,0,0,3,2,0,5.670741558074951,4.212484359741211,6.64174222946167,3.8087496757507324,10.583346366882324,7.88704252243042,9.840763092041016,7.3195953369140625,14.39271068572998,10.417405128479004,13.585454940795898,12.959939956665039,3.0,20.0,43.0,53.514355,33.458194732666016,5.9753366,106.58269,29.758506774902344,43.292362213134766,27.742332458496094,48.107418060302734
92,1C2X,93,0,0,1,0,1,83,1,0,1,0,0,0,0,0,0,0,0,0,0,0,0,1,4,17,1,6,8,0,0,0,0,0,0,0,0,0,0,0,0,0,0,0,0,0,0,0,0,0,-87.426,-179.236,64.829,84.186,-146.407,-63.78,-82.628,-148.98,-0.522,-22.426,33.271,-34.877,22.897,35.253,19.306,168.756,-134.694,-177.314,-135.718,-134.251,-109.897,3.489,4.605,20.676,3.528,0.18,1,0,0,0,1,0,1,0,0,4,1,0,5.543651103973389,4.1876373291015625,6.519919395446777,3.8468105792999268,10.544610023498535,7.203979015350342,9.422333717346191,7.704192161560059,16.423810958862305,12.617650985717773,12.726235389709473,12.998673439025879,1.0,20.0,44.0,51.390697,35.181644439697266,8.712892,108.01152,23.759912490844727,39.604469299316406,31.617305755615234,49.651737213134766
93,1C2X,94,1,0,0,0,1,82,1,0,1,0,0,0,0,0,0,0,0,0,0,0,0,1,4,17,1,6,8,0,0,0,0,0,0,0,0,0,0,0,0,0,0,0,0,0,0,0,0,0,-81.299,160.5,77.408,80.755,-160.08,-52.555,-107.525,-146.759,7.07,-29.593,36.79,-35.757,18.861,37.25,9.011,161.786,-136.902,-177.044,-140.682,-134.965,-108.665,3.669,4.612,20.138,3.634,0.187,1,0,0,0,1,0,1,0,0,3,0,0,5.611128807067871,3.482508420944214,6.723726749420166,3.7648837566375732,11.858485221862793,9.0153226852417,8.748592376708984,8.059717178344727,16.656953811645508,12.04177474975586,13.239415168762207,13.826833724975586,1.0,20.0,43.0,38.995575,32.603519439697266,7.9963984,98.144646,21.418716430664062,25.043256759643555,23.826889038085938,32.25459289550781
94,1C2X,95,0,1,0,0,1,81,1,0,1,0,0,0,0,0,0,0,0,0,0,0,0,1,4,17,1,6,8,0,0,0,0,0,0,0,0,0,0,0,0,0,0,0,0,0,0,0,0,0,-75.949,168.664,58.811,82.259,-166.621,-92.533,-74.088,-148.533,-13.488,-14.352,32.933,-41.637,35.683,41.251,37.028,155.015,178.265,177.518,173.695,-131.529,-174.792,4.275,4.424,31.356,5.093,0.272,1,0,0,0,1,0,0,0,1,2,2,0,6.267951011657715,6.089510917663574,6.237967014312744,3.5929930210113525,11.415166854858398,8.780891418457031,10.039162635803223,7.370749473571777,15.27260684967041,10.715508460998535,13.594258308410645,12.067368507385254,1.0,22.0,42.0,44.045734,31.13502311706543,7.436167,95.15618,24.876249313354492,30.18205451965332,20.903541564941406,26.567983627319336
95,1C2X,96,0,0,0,1,1,80,1,0,1,0,0,0,0,0,0,0,0,0,0,0,0,1,4,17,1,6,8,0,0,0,0,0,0,0,0,0,0,0,0,0,0,0,0,0,0,0,0,0,-79.125,174.219,59.455,80.745,-158.093,-58.066,-100.027,-176.187,9.755,-29.0,34.721,-30.95,13.623,34.772,3.117,163.067,-142.275,160.329,-141.337,178.321,-111.822,4.789,4.736,26.8,4.382,0.243,1,0,0,0,1,0,1,0,0,2,2,0,5.925323009490967,3.9797089099884033,6.2892022132873535,3.964266300201416,11.008040428161621,7.536092281341553,8.64278793334961,7.626744747161865,17.017236709594727,15.145330429077148,12.836984634399414,13.623361587524414,2.0,14.0,39.0,41.41593,34.6684684753418,6.5264225,94.985085,24.950218200683594,43.284210205078125,27.759708404541016,49.49938201904297
96,1C2X,97,0,0,1,0,1,79,1,0,1,0,0,0,0,0,0,0,0,0,0,0,0,1,4,17,1,6,8,1,7,2,0,0,0,0,0,0,0,0,0,0,0,0,0,0,0,0,0,0,-84.68,-177.078,71.623,66.986,-146.002,-62.725,-83.277,-174.61,6.026,-35.022,48.125,-46.006,26.528,49.2,12.001,169.418,-139.144,-176.11,-131.382,-128.434,-74.85,4.367,4.762,29.895,4.476,0.259,1,0,0,0,1,0,1,0,0,3,0,0,5.779820442199707,3.8984246253967285,5.8288774490356445,4.18004035949707,11.664436340332031,11.429252624511719,8.906228065490723,8.603299140930176,17.291576385498047,14.612393379211426,14.12031078338623,13.308810234069824,1.0,24.0,44.0,51.799625,37.98603439331055,8.839046,114.25156,27.27065658569336,34.5311279296875,35.313987731933594,39.38921356201172
97,1C2X,98,0,0,0,1,1,78,0,1,0,0,0,0,0,1,0,0,0,0,0,0,0,1,4,17,0,0,0,1,7,2,0,0,0,0,0,0,0,0,0,0,0,0,0,0,0,0,0,0,-77.0,172.052,66.49,73.083,163.253,-87.275,-109.472,-169.113,22.074,-41.205,42.328,-29.824,4.075,43.392,347.291,162.881,160.681,-170.17,157.015,-93.659,164.183,4.229,4.37,66.961,9.74,0.552,1,0,0,0,1,0,0,0,1,1,3,0,6.053852558135986,8.237041473388672,6.387870788574219,3.2552013397216797,11.530402183532715,11.041509628295898,11.499626159667969,7.04866361618042,15.513541221618652,13.140918731689453,15.664626121520996,12.025799751281738,2.0,22.0,50.0,47.342525,28.550390243530273,7.6684875,106.870026,39.503562927246094,44.81031799316406,20.823562622070312,27.328899383544922
98,1C2X,99,1,0,0,0,1,77,0,1,0,1,0,0,0,0,0,0,0,0,0,0,0,1,4,17,0,0,0,1,20,7,0,0,0,0,0,0,0,0,0,0,0,0,0,0,0,0,0,0,-65.194,174.647,81.301,85.274,-140.014,-71.719,-68.295,179.576,5.449,-28.963,40.004,-39.284,21.207,40.891,11.96,-161.305,-131.244,-166.493,-130.516,-175.678,-92.045,4.202,4.572,23.098,3.661,0.205,1,0,0,0,1,0,1,0,0,1,2,0,5.836788654327393,3.7747581005096436,6.340887546539307,3.864743232727051,10.751160621643066,7.4514923095703125,8.78343677520752,7.982310771942139,14.577879905700684,10.759041786193848,12.70991325378418,13.705824851989746,2.0,20.0,44.0,44.13755,34.424766540527344,6.3735986,99.12736,25.247272491455078,46.39569854736328,33.606285095214844,56.22475051879883
99,1C2X,100,0,0,0,1,1,76,1,0,0,1,0,0,0,0,0,0,0,0,0,0,0,1,4,17,0,0,0,1,20,7,0,0,0,0,0,0,0,0,0,0,0,0,0,0,0,0,0,0,-75.241,173.725,57.801,78.83,-153.288,-71.044,-82.244,-155.083,6.174,-30.867,41.805,-41.105,21.214,42.604,11.115,158.13,-142.314,176.351,-139.899,-124.636,-102.647,4.35,4.715,28.242,4.384,0.245,1,0,0,0,1,0,1,0,0,2,0,0,5.572830677032471,3.975785255432129,6.453973293304443,4.039182186126709,10.648760795593262,7.807507038116455,9.109065055847168,7.837051868438721,15.376152038574219,11.757664680480957,12.590269088745117,13.234926223754883,1.0,22.0,38.0,41.965042,37.68873977661133,6.6909056,95.98458,26.072751998901367,48.61585998535156,30.866214752197266,53.2861213684082
100,1C2X,101,1,0,0,0,1,75,1,0,0,0,0,0,0,0,0,0,0,0,0,0,0,1,4,17,0,0,0,1,20,7,0,0,0,0,0,0,0,0,0,0,0,0,0,0,0,0,0,0,-63.459,162.564,62.864,93.583,-146.865,-60.274,-86.59,-177.649,1.93,-17.34,25.765,-24.305,14.525,26.537,13.856,173.527,-116.443,-168.736,-121.944,-112.903,-82.119,4.702,4.495,28.034,4.606,0.249,1,0,0,0,1,0,1,0,0,1,0,0,5.746428489685059,4.196765899658203,6.659425258636475,3.724972724914551,11.41588020324707,8.336528778076172,8.779162406921387,7.8464250564575195,16.86174774169922,13.059138298034668,13.27410888671875,13.760503768920898,1.0,23.0,39.0,43.220108,32.81162643432617,5.1413274,87.82237,29.955270767211914,46.931270599365234,34.20711898803711,56.075801849365234
101,1C2X,102,0,0,0,1,1,74,0,1,0,0,0,0,0,0,0,0,0,0,0,0,0,1,4,17,0,0,0,1,20,7,0,0,0,0,0,0,0,0,0,0,0,0,0,0,0,0,0,0,-80.538,160.484,66.18,72.289,-159.57,-64.481,-95.089,-167.41,5.571,-32.418,45.681,-45.159,25.417,46.892,13.05,155.185,-146.692,-177.676,-146.46,-108.339,-138.572,4.16,4.563,21.85,3.942,0.209,1,0,0,0,1,0,1,0,0,2,0,0,6.084522247314453,4.149341583251953,6.344997406005859,3.8529412746429443,11.998211860656738,8.947832107543945,9.505863189697266,8.294888496398926,14.051104545593262,9.903313636779785,13.386865615844727,13.431535720825195,1.0,20.0,39.0,39.110153,34.531646728515625,8.309833,99.62762,22.26181983947754,32.93631362915039,27.07465934753418,39.3968620300293
102,1C2X,103,0,1,0,0,1,73,0,1,0,0,0,1,0,0,0,0,0,0,0,0,0,1,4,17,0,0,0,1,20,7,0,0,0,0,0,0,0,0,0,0,0,0,0,0,0,0,0,0,-75.385,-174.86,63.959,82.897,-175.046,-65.578,-109.468,-150.732,-24.692,-0.408,23.571,-38.932,40.137,41.028,54.935,173.31,-151.471,-172.414,-157.24,-154.393,-124.341,3.905,4.142,25.136,4.172,0.218,1,0,0,0,1,0,0,0,1,2,2,0,6.0548505783081055,4.885085582733154,6.6555609703063965,3.467799186706543,9.254332542419434,6.598199367523193,9.520173072814941,6.800342082977295,13.382302284240723,10.705045700073242,11.91667652130127,11.652547836303711,1.0,20.0,56.0,43.375164,30.21388053894043,7.685335,88.59327,22.734760284423828,47.17189025878906,22.675312042236328,45.17106628417969
103,1C2X,104,1,0,0,0,1,72,0,1,0,0,0,0,0,0,0,1,0,0,0,0,0,1,4,17,0,0,0,1,19,7,0,0,0,0,0,0,0,0,0,0,0,0,0,0,0,0,0,0,-98.603,-172.968,64.325,71.449,-137.133,-37.095,-100.039,-158.543,5.326,-30.895,42.143,-41.541,24.264,43.226,12.848,162.058,-115.144,167.332,-103.474,-148.366,-63.841,3.953,4.773,48.961,7.628,0.415,0,0,1,0,1,0,1,0,0,1,3,0,5.257834434509277,5.099443435668945,6.6656975746154785,4.280948162078857,11.044029235839844,9.392081260681152,7.951088905334473,8.481637954711914,16.908498764038086,16.233346939086914,12.025935173034668,13.889867782592773,2.0,21.0,42.0,40.29384,38.33649826049805,8.404244,98.348625,42.491943359375,58.70928955078125,41.044002532958984,62.25127029418945
104,1C2X,105,0,0,0,1,1,71,1,0,1,0,0,0,0,0,0,0,0,0,0,0,0,1,4,17,1,5,2,1,19,7,0,0,0,0,0,0,0,0,0,0,0,0,0,0,0,0,0,0,-74.95,150.935,86.718,76.845,-164.134,-53.636,-110.498,-169.49,1.247,-23.018,35.407,-36.475,21.279,37.041,17.083,166.851,-140.477,-149.232,-144.758,-76.315,-120.626,4.87,4.586,27.275,4.303,0.243,1,0,0,0,1,0,1,0,0,4,0,0,5.966146469116211,4.625340461730957,6.305657863616943,3.7720704078674316,12.011807441711426,11.460022926330566,9.048377990722656,7.4866180419921875,16.263513565063477,10.765594482421875,13.892989158630371,13.334301948547363,2.0,25.0,50.0,44.893654,31.301836013793945,4.1260195,93.80679,22.340097427368164,38.86662673950195,21.22803497314453,37.178733825683594
105,1C2X,106,0,0,0,1,1,108,0,1,0,0,0,0,0,0,1,0,0,0,1,3,3,1,4,17,1,5,2,1,5,2,0,0,0,0,0,0,0,0,0,0,1,1,15,0,0,0,0,0,-83.435,-176.749,65.411,73.117,-159.106,-63.018,-96.089,-165.607,0.627,-20.604,32.908,-32.92,19.477,34.431,17.104,169.654,-144.53,-174.049,-146.425,-129.872,-142.444,4.275,4.534,38.171,6.524,0.341,1,0,0,0,1,0,1,0,0,7,1,0,6.350244045257568,6.88419246673584,6.324583530426025,3.53082275390625,10.497076988220215,7.258283615112305,9.912339210510254,6.79213285446167,11.938578605651855,13.563963890075684,11.096043586730957,10.035841941833496,2.0,26.0,63.0,42.08427,31.86332893371582,9.776661,98.42528,31.996814727783203,34.44902420043945,30.061857223510742,14.871299743652344
106,1C2X,107,0,0,0,1,1,69,1,0,1,0,0,0,0,0,0,0,0,0,1,1,3,0,0,0,0,0,0,0,0,0,0,0,0,0,0,0,0,0,0,0,1,1,15,1,3,0,0,0,-127.136,166.946,175.063,77.369,179.408,-96.583,-84.009,-124.61,-11.886,-17.195,36.858,-46.236,37.021,44.721,34.495,-119.097,139.074,-122.988,121.185,-122.419,64.647,3.202,4.277,54.532,8.105,0.484,1,0,0,0,1,0,1,0,0,4,1,1,6.1711344718933105,7.306042671203613,7.189875602722168,3.4524834156036377,7.480984687805176,8.994321823120117,6.52424430847168,4.53375768661499,12.953498840332031,12.359467506408691,9.232287406921387,6.969977855682373,1.0,28.0,65.0,34.044086,29.076181411743164,14.027091,101.29841,55.22931671142578,22.265697479248047,27.640159606933594,15.776190757751465
107,1C2X,108,1,0,0,0,1,106,0,1,0,0,0,0,0,0,1,0,0,0,1,3,3,0,0,0,0,0,0,0,0,0,0,0,0,0,0,0,0,0,0,0,1,1,15,1,3,0,0,0,-176.641,-173.294,49.544,93.255,-128.462,-75.637,-52.825,142.284,16.318,-36.173,40.608,-32.296,11.046,40.717,355.813,72.399,-96.944,69.108,-129.422,57.33,-176.204,4.372,4.869,110.865,13.188,0.825,1,0,0,0,1,0,0,0,1,2,3,0,6.608426570892334,10.256216049194336,5.966896057128906,4.144254207611084,9.96423625946045,11.43048095703125,5.889378547668457,4.3055315017700195,12.983551025390625,12.936144828796387,10.821535110473633,8.448697090148926,1.0,15.0,34.0,58.1354,38.089202880859375,7.6475506,115.79783,62.225860595703125,57.54022216796875,47.14472961425781,30.022785186767578
108,1C2X,109,1,0,0,0,0,-1,0,0,0,0,0,0,0,0,0,0,0,0,0,0,0,0,0,0,0,0,0,1,17,4,0,0,0,0,0,0,0,0,0,0,1,1,15,1,3,0,0,0,86.652,166.275,58.902,80.598,-156.75,-57.343,-99.407,-177.592,2.18,-25.557,37.538,-38.766,23.568,39.185,16.671,-56.037,-131.133,-24.268,-130.569,-38.4,-106.318,4.679,4.752,24.611,4.102,0.234,1,0,0,0,1,0,1,0,0,0,1,0,5.885136604309082,4.014883041381836,6.104443550109863,3.932838201522827,10.901386260986328,7.605039596557617,8.702054977416992,7.605902671813965,15.69876480102539,11.962414741516113,12.526284217834473,12.697890281677246,1.0,33.0,91.0,45.861916,35.768585205078125,6.3557925,96.62301,28.875783920288086,48.935516357421875,34.34859848022461,57.21046829223633
109,1C2X,110,0,0,1,0,1,10,1,0,1,0,0,0,0,0,0,0,0,0,0,0,0,1,1,10,1,1,10,1,17,4,0,0,0,0,0,0,0,0,0,0,1,1,15,0,0,0,0,0,-77.81,-179.579,68.584,67.561,-154.521,-54.052,-100.469,-163.011,-2.716,-25.195,42.097,-47.147,30.141,45.708,22.93,174.562,-136.651,-169.434,-130.47,-125.512,-89.83,4.155,4.714,26.428,4.297,0.232,1,0,0,0,1,0,1,0,0,3,1,0,5.587141513824463,3.7429327964782715,6.05979061126709,4.050290584564209,11.108637809753418,8.278807640075684,8.782698631286621,7.484882831573486,15.818948745727539,12.037869453430176,12.9562406539917,13.335736274719238,2.0,28.0,74.0,50.617363,36.58039093017578,8.7272415,108.57762,28.449209213256836,41.61342239379883,34.86741638183594,54.92144775390625
110,1C2X,111,0,1,0,0,1,9,1,0,1,0,0,0,0,0,0,0,0,0,0,0,0,1,1,10,1,1,10,0,0,0,0,0,0,0,0,0,0,0,0,0,0,0,0,0,0,0,0,0,-74.851,176.424,60.967,77.608,-148.087,-79.307,-68.78,-148.63,-3.672,-19.244,33.943,-41.147,26.258,37.891,26.389,171.014,-150.023,-169.418,-153.071,-115.478,-139.561,3.821,4.53,19.336,3.206,0.17,1,0,0,0,1,0,1,0,0,2,1,0,5.766960144042969,4.648901462554932,6.314725399017334,3.8970775604248047,10.888935089111328,8.452108383178711,9.355207443237305,7.43359375,16.075349807739258,12.33912181854248,13.967058181762695,12.513463973999023,2.0,25.0,54.0,50.09093,34.704833984375,9.505721,100.90559,23.57326889038086,35.12001037597656,31.09830093383789,39.48041915893555
111,1C2X,112,0,0,0,1,1,8,1,0,1,0,0,0,0,0,0,0,0,0,0,0,0,1,1,10,1,1,10,0,0,0,0,0,0,0,0,0,0,0,0,0,0,0,0,0,0,0,0,0,-82.58,162.748,66.919,66.411,-177.935,-60.124,-117.811,-155.839,0.547,-25.65,39.659,-42.734,26.12,42.011,19.263,152.027,-163.915,161.867,-164.078,-169.071,-152.934,4.396,4.5,23.115,3.719,0.206,1,0,0,0,1,0,1,0,0,3,2,0,5.437719345092773,4.128177642822266,6.301672458648682,3.710186004638672,11.069724082946777,8.401384353637695,9.58708667755127,6.954764366149902,15.969795227050781,12.050734519958496,13.459980964660645,12.385592460632324,3.0,21.0,45.0,40.23119,32.98564147949219,7.3437138,97.62988,22.601430892944336,32.738426208496094,15.509598731994629,28.495229721069336
112,1C2X,113,0,0,1,0,1,7,1,0,1,0,0,0,0,0,0,0,0,0,0,0,0,1,1,10,1,1,10,0,0,0,0,0,0,0,0,0,0,0,0,0,0,0,0,0,0,0,0,0,-71.747,165.71,82.358,87.579,-132.401,-72.792,-59.609,-156.349,10.903,-27.901,32.711,-27.942,11.278,32.712,0.236,-168.388,-126.701,-156.803,-131.825,-138.965,-115.038,3.6,4.694,22.667,4.041,0.202,1,0,0,0,1,0,1,0,0,3,1,1,5.922761917114258,4.3923234939575195,6.587347030639648,4.078685760498047,11.31498908996582,8.306632995605469,9.441108703613281,8.164246559143066,16.065332412719727,11.80478572845459,13.512102127075195,13.837535858154297,2.0,19.0,50.0,53.542107,35.745296478271484,3.9130151,104.46778,26.859933853149414,36.195411682128906,32.034576416015625,48.66214370727539
113,1C2X,114,0,0,1,0,1,6,1,0,1,0,0,0,0,0,0,0,0,0,0,0,0,1,1,10,1,1,10,0,0,0,0,0,0,0,0,0,0,0,0,0,0,0,0,0,0,0,0,0,-69.007,173.902,49.853,68.394,-172.349,-61.863,-110.486,-148.014,-21.774,-14.879,40.781,-51.39,47.25,53.282,40.058,153.165,-161.535,172.202,-162.383,-153.067,-133.762,3.449,4.464,18.808,3.109,0.164,1,0,0,0,1,0,0,0,1,3,1,0,5.651064395904541,4.103011131286621,6.357028484344482,3.691324234008789,11.077975273132324,8.04885196685791,9.294844627380371,7.6898016929626465,15.751558303833008,11.584885597229004,12.929038047790527,12.70032024383545,2.0,20.0,47.0,42.928894,32.66716003417969,10.272034,105.46866,17.606691360473633,26.849281311035156,23.00110626220703,31.50406837463379
114,1C2X,115,1,0,0,0,1,5,1,0,1,0,0,0,0,0,0,0,0,0,0,0,0,1,1,10,1,1,10,0,0,0,0,0,0,0,0,0,0,0,0,0,0,0,0,0,0,0,0,0,-102.216,175.784,76.488,79.937,-163.432,-69.542,-93.89,-144.45,5.83,-27.577,37.017,-35.197,19.433,37.654,10.553,153.553,-152.657,166.443,-158.214,-152.024,-130.005,4.557,4.633,26.39,4.119,0.229,1,0,0,0,1,0,1,0,0,2,2,0,5.876669883728027,4.348451614379883,6.538662433624268,3.8253161907196045,11.33019733428955,8.60051155090332,9.174463272094727,7.322832107543945,16.251588821411133,12.085576057434082,13.288774490356445,12.86061954498291,1.0,19.0,41.0,39.731064,33.40608215332031,5.1388116,89.215965,21.837528228759766,34.94767761230469,20.507112503051758,37.877967834472656
115,1C2X,116,0,0,0,1,1,4,1,0,1,0,0,0,0,0,0,0,0,0,0,0,0,1,1,10,1,1,10,0,0,0,0,0,0,0,0,0,0,0,0,0,0,0,0,0,0,0,0,0,-78.274,168.531,67.435,73.26,-136.651,-74.57,-62.081,-168.491,11.875,-37.245,46.291,-41.475,19.263,46.444,4.662,168.301,-143.576,175.973,-140.762,-139.812,-121.436,4.622,4.792,24.724,4.078,0.225,1,0,0,0,1,0,1,0,0,3,1,0,6.031905651092529,4.606200695037842,6.213331699371338,4.246809959411621,11.586808204650879,8.233807563781738,9.18212890625,8.513936042785645,16.481998443603516,12.218975067138672,13.543330192565918,14.33981704711914,1.0,18.0,36.0,44.411846,39.21131896972656,8.154757,107.24948,24.99837875366211,39.508544921875,33.44014358520508,48.29425048828125
116,1C2X,117,0,0,0,1,1,3,1,0,1,0,0,0,0,0,0,0,0,0,0,0,0,1,1,10,1,1,10,0,0,0,0,0,0,0,0,0,0,0,0,0,0,0,0,0,0,0,0,0,-59.95,172.595,56.89,77.305,-167.861,-69.069,-98.791,-158.771,6.429,-32.845,43.018,-40.986,22.312,43.72,10.285,169.76,-156.778,-176.679,-156.708,-144.112,-136.22,4.268,4.641,21.775,3.498,0.192,1,0,0,0,1,0,1,0,0,3,1,0,5.732611656188965,3.7261812686920166,6.519603729248047,3.7970571517944336,11.119524002075195,7.960619926452637,9.28897762298584,7.757257461547852,14.547500610351562,10.373392105102539,13.3240327835083,13.101129531860352,1.0,19.0,42.0,39.429203,34.357120513916016,8.4368,98.04298,23.511634826660156,33.01463317871094,23.974634170532227,36.3288459777832
117,1C2X,118,0,0,1,0,1,2,1,0,1,0,0,0,0,0,0,0,0,0,0,0,0,1,1,10,1,1,10,0,0,0,0,0,0,0,0,0,0,0,0,0,0,0,0,0,0,0,0,0,-76.853,163.003,71.676,74.754,-146.425,-75.412,-71.013,-168.529,5.504,-28.193,38.25,-36.384,19.4,38.917,10.626,163.898,-150.762,177.147,-149.164,-147.292,-117.338,4.529,4.822,25.549,3.858,0.222,1,0,0,0,1,0,1,0,0,3,1,0,5.7165985107421875,4.643674373626709,6.016957759857178,4.125551700592041,10.137557029724121,6.984625816345215,9.623496055603027,7.908820629119873,,,,,1.0,21.0,49.0,53.964706,36.38945388793945,6.4262333,112.71875,23.187498092651367,46.15961837768555,24.7783145904541,47.97986602783203
118,1C2X,119,1,0,0,0,1,1,1,0,1,0,0,0,0,0,0,0,0,0,0,0,0,1,1,10,1,1,10,1,8,2,0,0,0,0,0,0,0,0,0,0,0,0,0,0,0,0,0,0,-69.745,-175.156,63.677,93.16,-149.442,-52.433,-97.009,-170.392,3.446,-20.993,28.045,-24.851,14.817,28.478,10.006,175.303,-108.367,-171.558,-109.684,-126.304,-67.671,4.773,4.64,34.48,5.515,0.299,1,0,0,0,1,0,1,0,0,2,0,0,5.530043125152588,3.8777973651885986,6.7207794189453125,3.921419382095337,,,,,,,,,1.0,21.0,42.0,43.073734,36.4915885925293,5.926387,90.29706,35.84066390991211,,41.658973693847656,
119,1C2X,120,0,1,0,0,0,-1,0,0,0,0,0,0,0,0,0,0,0,0,0,0,0,0,0,0,0,0,0,1,8,2,0,0,0,0,0,0,0,0,0,0,0,0,0,0,0,1,1,1,-86.901,170.366,66.196,66.946,,,,-167.782,1.581,-26.878,40.919,-40.207,24.186,42.552,15.925,,,,,,,,,,,,0,0,1,0,1,0,1,0,0,0,0,0,,,,,,,,,,,,,0.0,14.0,26.0,51.2874,,8.077688,111.72031,,,,
